product_id,category,sub_category,discounted_price,actual_price,discount_percentage,rating,rating_count,After_discount
B07JW9H4J1,Cables,USBCables,399,1099,0.64,4.2,24269,700
B098NS6PVG,Cables,USBCables,199,349,0.43,4,43994,150
B096MSW6CT,Cables,USBCables,199,1899,0.9,3.9,7928,1700
B08HDJ86NZ,Cables,USBCables,329,699,0.53,4.2,94363,370
B08CF3B7N1,Cables,USBCables,154,399,0.61,4.2,16905,245
B08Y1TFSP6,Cables,USBCables,149,1000,0.85,3.9,24871,851
B08WRWPM22,Cables,USBCables,176.63,499,0.65,4.1,15188,322.37
B08DDRGWTJ,Cables,USBCables,229,299,0.23,4.3,30411,70
B008IFXQFU,WirelessUSBAdapters,Unknown,499,999,0.5,4.2,179691,500
B082LZGK39,Cables,USBCables,199,299,0.33,4,43994,100
B08CF3D7QR,Cables,USBCables,154,339,0.55,4.3,13391,185
B0789LZTCJ,Cables,USBCables,299,799,0.63,4.2,94363,500
B07KSMBL2H,Cables,HDMICables,219,700,0.69,4.4,426973,481
B085DTN6R2,Cables,USBCables,350,899,0.61,4.2,2262,549
B09KLVMZ3B,Cables,USBCables,159,399,0.6,4.1,4768,240
B083342NKJ,Cables,USBCables,349,399,0.13,4.4,18757,50
B0B6F7LX4C,SmartTelevisions,Unknown,13999,24999,0.44,4.2,32840,11000
B082LSVT4B,Cables,USBCables,249,399,0.38,4,43994,150
B08WRBG3XW,Cables,USBCables,199,499,0.6,4.1,13045,300
B08DPLCM6T,SmartTelevisions,Unknown,13490,21990,0.39,4.3,11976,8500
B09C6HXFC1,Cables,USBCables,970,1799,0.46,4.5,815,829
B085194JFL,Cables,HDMICables,279,499,0.44,3.7,10962,220
B09F6S8BT6,SmartTelevisions,Unknown,13490,22900,0.41,4.3,16299,9410
B09NHVCHS9,Cables,USBCables,59,199,0.7,4,9378,140
B0B1YVCJ2Y,SmartTelevisions,Unknown,11499,19990,0.42,4.3,4703,8491
B01M4GGIVU,Cables,HDMICables,199,699,0.72,4.2,12153,500
B08B42LWKN,SmartTelevisions,Unknown,14999,19999,0.25,4.2,34899,5000
B094JNXNPV,Cables,USBCables,299,399,0.25,4,2766,100
B09W5XR9RT,Cables,USBCables,970,1999,0.51,4.4,184,1029
B077Z65HSD,Cables,USBCables,299,999,0.7,4.3,20850,700
B00NH11PEY,Cables,USBCables,199,750,0.73,4.5,74976,551
B09CMM3VGK,Cables,USBCables,179,499,0.64,4,1934,320
B08QSC1XY8,Cables,USBCables,389,1099,0.65,4.3,974,710
B008FWZGSG,Cables,USBCables,599,599,0,4.3,355,0
B0B4HJNPV4,Cables,USBCables,199,999,0.8,3.9,1075,800
B08Y1SJVV5,Cables,USBCables,99,666.66,0.85,3.9,24871,567.66
B07XLCFSSN,Cables,USBCables,899,1900,0.53,4.4,13552,1001
B09RZS1NQT,Cables,USBCables,199,999,0.8,4,576,800
B0B3MMYHYW,SmartTelevisions,Unknown,32999,45999,0.28,4.2,7298,13000
B09C6HWG18,Cables,USBCables,970,1999,0.51,4.2,462,1029
B00NH11KIK,Cables,USBCables,209,695,0.7,4.5,107687,486
B09JPC82QC,SmartTelevisions,Unknown,19999,34999,0.43,4.3,27151,15000
B07JW1Y6XV,Cables,USBCables,399,1099,0.64,4.2,24269,700
B07KRCW6LZ,WirelessUSBAdapters,Unknown,999,1599,0.38,4.3,12093,600
B09NJN8L25,Cables,USBCables,59,199,0.7,4,9378,140
B07XJYYH7L,Cables,USBCables,333,999,0.67,3.3,9792,666
B002PD61Y4,WirelessUSBAdapters,Unknown,507,1208,0.58,4.1,8131,701
B014I8SSD0,Cables,HDMICables,309,475,0.35,4.4,426973,166
B09L8DSSFH,RemoteControls,Unknown,399,999,0.6,3.6,493,600
B07232M876,Cables,USBCables,199,395,0.5,4.2,92595,196
B07P681N66,WirelessUSBAdapters,Unknown,1199,2199,0.45,4.4,24780,1000
B0711PVX6Z,Cables,USBCables,179,500,0.64,4.2,92595,321
B082T6V3DT,Cables,USBCables,799,2100,0.62,4.3,8188,1301
B07MKFNHKG,StandardTelevisions,Unknown,6999,12999,0.46,4.2,4003,6000
B0BFWGBX61,Cables,USBCables,199,349,0.43,4.1,314,150
B01N90RZ4M,RemoteControls,Unknown,230,499,0.54,3.7,2960,269
B0088TKTY2,WirelessUSBAdapters,Unknown,649,1399,0.54,4.2,179691,750
B09Q5SWVBJ,SmartTelevisions,Unknown,15999,21999,0.27,4.2,34899,6000
B0B4DT8MKT,Cables,USBCables,348,1499,0.77,4.2,656,1151
B08CDKQ8T6,Cables,USBCables,154,349,0.56,4.3,7064,195
B07B275VN9,RemoteControls,Unknown,179,799,0.78,3.7,2201,620
B0B15CPR37,SmartTelevisions,Unknown,32990,47900,0.31,4.3,7109,14910
B0994GFWBH,Cables,USBCables,139,999,0.86,4,1313,860
B01GGKZ0V6,Cables,USBCables,329,845,0.61,4.2,29746,516
B09F9YQQ7B,SmartTelevisions,Unknown,13999,24999,0.44,4.2,45238,11000
B014I8SX4Y,Cables,HDMICables,309,1400,0.78,4.4,426973,1091
B09Q8HMKZX,Cables,USBCables,263,699,0.62,4.1,450,436
B0B9XN9S3W,StandardTelevisions,Unknown,7999,14990,0.47,4.3,457,6991
B07966M8XH,"TVMounts,Stands&Turntables",TVWall&CeilingMounts,1599,2999,0.47,4.2,2727,1400
B01GGKYKQM,Cables,USBCables,219,700,0.69,4.3,20053,481
B0B86CDHL1,Cables,USBCables,349,899,0.61,4.5,149,550
B0B5ZF3NRK,Cables,USBCables,349,599,0.42,4.1,210,250
B09RFC46VP,SmartTelevisions,Unknown,26999,42999,0.37,4.2,45238,16000
B08R69VDHT,Cables,USBCables,115,499,0.77,4,7732,384
B09RWZRCP1,Cables,USBCables,399,999,0.6,4.1,1780,600
B09CMP1SC8,Cables,USBCables,199,499,0.6,4.1,602,300
B09YLXYP7Y,Cables,USBCables,179,399,0.55,4,1423,220
B09ZPM4C2C,SmartTelevisions,Unknown,10901,30990,0.65,4.1,398,20089
B0B2DJDCPX,Cables,USBCables,209,499,0.58,3.9,536,290
B0BCZCQTJX,RemoteControls,Unknown,1434,3999,0.64,4,32,2565
B07LGT55SJ,Cables,USBCables,399,1099,0.64,4.2,24269,700
B09NKZXMWJ,Cables,USBCables,139,249,0.44,4,9378,110
B08QX1CC14,SmartTelevisions,Unknown,7299,19125,0.62,3.4,902,11826
B0974H97TJ,Cables,USBCables,299,799,0.63,4.4,28791,500
B07GVGTSLN,Cables,USBCables,325,1299,0.75,4.2,10576,974
B09VCHLSJF,SmartTelevisions,Unknown,29999,39999,0.25,4.2,7298,10000
B0B1YZX72F,SmartTelevisions,Unknown,27999,40990,0.32,4.3,4703,12991
B092BJMT8Q,SmartTelevisions,Unknown,30990,52900,0.41,4.3,7109,21910
B0BMXMLSMM,Cables,USBCables,199,999,0.8,4.5,127,800
B07JH1C41D,Cables,USBCables,649,1999,0.68,4.2,24269,1350
B0141EZMAI,WirelessUSBAdapters,Unknown,269,800,0.66,3.6,10134,531
B09Q5P2MT3,SmartTelevisions,Unknown,24999,31999,0.22,4.2,34899,7000
B08HDH26JX,Cables,USBCables,299,699,0.57,4.2,94363,400
B09VT6JKRP,Cables,USBCables,199,999,0.8,4.1,425,800
B09T3KB6JZ,SmartTelevisions,Unknown,18990,40990,0.54,4.2,6659,22000
B093QCY6YJ,WirelessUSBAdapters,Unknown,290,349,0.17,3.7,1977,59
B093ZNQZ2Y,RemoteControls,Unknown,249,799,0.69,3.8,1079,550
B08LKS3LSP,Cables,USBCables,345,999,0.65,3.7,1097,654
B00V4BGDKU,WirelessUSBAdapters,Unknown,1099,1899,0.42,4.5,22420,800
B08CHKQ8D4,Cables,USBCables,719,1499,0.52,4.1,1045,780
B09BW334ML,RemoteControls,Unknown,349,1499,0.77,4.3,4145,1150
B082T6GVLJ,Cables,USBCables,849,1809,0.53,4.3,6547,960
B07DL1KC3H,RemoteControls,Unknown,299,899,0.67,4,1588,600
B0B6F98KJJ,SmartTelevisions,Unknown,21999,29999,0.27,4.2,32840,8000
B07JNVF678,Cables,USBCables,349,999,0.65,4.2,13120,650
B09QGZFBPM,Cables,USBCables,399,999,0.6,4.3,2806,600
B07JGDB5M1,Cables,USBCables,449,1299,0.65,4.2,24269,850
B0981XSZJ7,Cables,USBCables,299,999,0.7,4.3,766,700
B0B9XLX8VR,SmartTelevisions,Unknown,37999,65000,0.42,4.3,3587,27001
B08Y5KXR6Z,Cables,USBCables,99,800,0.88,3.9,24871,701
B09F6VHQXB,StandardTelevisions,Unknown,7390,20000,0.63,4.1,2581,12610
B0974G5Q2Y,Cables,USBCables,273.1,999,0.73,4.3,20850,725.9
B09YL9SN9B,SmartTelevisions,Unknown,15990,23990,0.33,4.3,1035,8000
B09RX1FK54,Cables,USBCables,399,999,0.6,4.1,1780,600
B09TT6BFDX,RemoteControls,Unknown,399,1999,0.8,4.5,505,1600
B09KH58JZR,Cables,USBCables,210,399,0.47,4.1,1717,189
B09DDCQFMT,RemoteControls,Unknown,1299,1999,0.35,3.6,590,700
B08RP2L2NL,Cables,USBCables,347,999,0.65,3.5,1121,652
B0B4G2MWSB,Cables,USBCables,149,999,0.85,4,1313,850
B0B21C4BMX,Cables,USBCables,228,899,0.75,3.8,132,671
B084MZXJNK,Cables,USBCables,1599,1999,0.2,4.4,1951,400
B0BHZCNC4P,RemoteControls,Unknown,1499,3999,0.63,3.7,37,2500
B0B16KD737,SmartTelevisions,Unknown,8499,15999,0.47,4.3,592,7500
B099K9ZX65,SmartTelevisions,Unknown,20990,44990,0.53,4.1,1259,24000
B08Y55LPBF,SmartTelevisions,Unknown,32999,44999,0.27,4.2,45238,12000
B015OW3M1W,Cables,HDMICables,799,1700,0.53,4.1,28638,901
B01D5H8ZI8,Cables,HDMICables,229,595,0.62,4.3,12835,366
B09X1M3DHX,SmartTelevisions,Unknown,9999,27990,0.64,4.2,1269,17991
B09MM6P76N,RemoteControls,Unknown,349,599,0.42,4.2,284,250
B01D5H8LDM,Cables,RCACables,489,1200,0.59,4.4,69538,711
B0B1YY6JJL,SmartTelevisions,Unknown,23999,34990,0.31,4.3,4703,10991
B09QGZM8QB,Cables,USBCables,399,999,0.6,4.3,2806,600
B08L4SBJRY,SpeakerAccessories,Mounts,349,1299,0.73,4,3295,950
B09X79PP8F,Cables,USBCables,179,299,0.4,3.9,81,120
B082T6GVG9,Cables,USBCables,689,1500,0.54,4.2,42301,811
B0B3XY5YT4,SmartTelevisions,Unknown,30990,49990,0.38,4.3,1376,19000
B0B4HKH19N,Cables,USBCables,249,931,0.73,3.9,1075,682
B08TGG316Z,Cables,HDMICables,999,2399,0.58,4.6,3664,1400
B071VMP1Z4,RemoteControls,Unknown,399,399,0,3.9,1951,0
B071SDRGWL,Cables,USBCables,349,699,0.5,4.3,20850,350
B08PSQRW2T,Cables,USBCables,399,1099,0.64,4.1,2685,700
B0859M539M,WirelessUSBAdapters,Unknown,1699,2999,0.43,4.4,24780,1300
B08RX8G496,RemoteControls,Unknown,655,1099,0.4,3.2,285,444
B002SZEOLG,WirelessUSBAdapters,Unknown,749,1339,0.44,4.2,179692,590
B08CS3BT4L,SmartTelevisions,Unknown,9999,12999,0.23,4.2,6088,3000
B00RFWNJMC,RemoteControls,Unknown,195,499,0.61,3.7,1383,304
B082T6GXS5,Cables,USBCables,999,2100,0.52,4.5,5492,1101
B09CMQRQM6,Cables,USBCables,499,899,0.44,4.2,919,400
B005LJQMCK,Cables,OpticalCables,416,599,0.31,4.2,30023,183
B09C6H53KH,Cables,USBCables,368,699,0.47,4.2,387,331
B0BB3CBFBM,SmartTelevisions,Unknown,29990,65000,0.54,4.1,211,35010
B08QSDKFGQ,Cables,USBCables,339,1099,0.69,4.3,974,760
B08PV1X771,SmartTelevisions,Unknown,15490,20900,0.26,4.3,16299,5410
B07YTNKVJQ,Cables,USBCables,499,1299,0.62,4.3,30411,800
B0117H7GZ6,WirelessUSBAdapters,Unknown,249,399,0.38,3.4,4642,150
B09XJ1LM7R,RemoteControls,Unknown,399,799,0.5,4.3,12,400
B084N133Y7,Cables,USBCables,1499,1999,0.25,4.4,1951,500
B088Z1YWBC,Unknown,Unknown,9490,15990,0.41,3.9,10480,6500
B07VSG5SXZ,Cables,HDMICables,637,1499,0.58,4.1,24,862
B08RWCZ6SY,RemoteControls,Unknown,399,899,0.56,3.9,254,500
B07KSB1MLX,Cables,OpticalCables,1089,1600,0.32,4,3565,511
B081FG1QYX,Cables,USBCables,339,999,0.66,4.3,6255,660
B08R69WBN7,Cables,USBCables,149,499,0.7,4,7732,350
B0B3RHX6B6,Cables,USBCables,149,399,0.63,3.9,57,250
B084N18QZY,Cables,USBCables,599,849,0.29,4.5,577,250
B081NHWT6Z,RemoteControls,Unknown,299,1199,0.75,3.9,1193,900
B07JPJJZ2H,Cables,USBCables,399,1299,0.69,4.2,13120,900
B09JKNF147,RemoteControls,Unknown,339,1999,0.83,4,343,1660
B0B9959XF3,SmartTelevisions,Unknown,12499,22990,0.46,4.3,1611,10491
B09PNR6F8Q,Cables,USBCables,249,399,0.38,4,6558,150
B07M69276N,WirelessUSBAdapters,Unknown,1399,2499,0.44,4.4,23169,1100
B0B1YZ9CB8,SmartTelevisions,Unknown,32999,47990,0.31,4.3,4703,14991
B09YLYB9PB,Cables,USBCables,149,399,0.63,4,1423,250
B08CTNJ985,Cables,USBCables,325,999,0.67,4.3,2651,674
B0BP7XLX48,Cables,USBCables,399,1999,0.8,5,5,1600
B09LHXNZLR,WirelessUSBAdapters,Unknown,199,499,0.6,3.7,612,300
B0B3N8VG24,Cables,USBCables,88,299,0.71,4,9378,211
B08PSVBB2X,Cables,USBCables,399,1099,0.64,4.1,2685,700
B0B3MQXNFB,Cables,USBCables,57.89,199,0.71,4,9378,141.11
B08XMSKKMM,RemoteControls,Unknown,799,1999,0.6,3.3,576,1200
B09L8DT7D6,RemoteControls,Unknown,205,499,0.59,3.8,313,294
B00GE55L22,Cables,USBCables,299,699,0.57,4.1,2957,400
B0162K34H2,Cables,USBCables,849,999,0.15,4.1,6736,150
B0B8SRZ5SV,Cables,USBCables,949,1999,0.53,4.4,13552,1050
B07CWNJLPC,Cables,USBCables,499,1200,0.58,4.3,5451,701
B00NH12R1O,Cables,USBCables,299,485,0.38,4.3,10911,186
B0B8SSC5D9,Cables,USBCables,949,1999,0.53,4.4,13552,1050
B08WKG2MWT,Cables,USBCables,379,1099,0.66,4.3,2806,720
B0B466C3G4,SmartTelevisions,Unknown,8990,18990,0.53,3.9,350,10000
B005LJQMZC,Cables,OpticalCables,486,1999,0.76,4.2,30023,1513
B07MDRGHWQ,StandardTelevisions,Unknown,5699,11000,0.48,4.2,4003,5301
B07DC4RZPY,Cables,USBCables,709,1999,0.65,4.1,178817,1290
B0B15GSPQW,SmartTelevisions,Unknown,47990,70900,0.32,4.3,7109,22910
B08GJNM9N7,RemoteControls,Unknown,299,1199,0.75,3.7,490,900
B09C6FML9B,Cables,USBCables,320,599,0.47,4.1,491,279
B0B65MJ45G,Cables,USBCables,139,549,0.75,3.9,61,410
B08P9RYPLR,Cables,USBCables,129,249,0.48,4,9378,120
B0B6F8HHR6,SmartTelevisions,Unknown,24999,35999,0.31,4.2,32840,11000
B084MZXJN6,Cables,USBCables,999,1699,0.41,4.4,7318,700
B08XMG618K,Cables,USBCables,225,499,0.55,4.1,789,274
B0BCKWZ884,RemoteControls,Unknown,547,2999,0.82,4.3,407,2452
B00GGGOYEK,Cables,USBCables,259,699,0.63,3.8,2399,440
B07ZR4S1G4,RemoteControls,Unknown,239,699,0.66,4.4,2640,460
B09C635BMM,RemoteControls,Unknown,349,999,0.65,4,839,650
B00GG59HU2,Cables,HDMICables,467,599,0.22,4.4,44054,132
B00RGLI0ZS,Cables,USBCables,449,599,0.25,4,3231,150
B09ZPJT8B2,SmartTelevisions,Unknown,11990,31990,0.63,4.2,64,20000
B07HZ2QCGR,Cables,USBCables,350,599,0.42,3.9,8314,249
B095244Q22,Cables,USBCables,252,999,0.75,3.7,2249,747
B08CKW1KH9,RemoteControls,Unknown,204,599,0.66,3.6,339,395
B0BLV1GNLN,Unknown,Unknown,6490,9990,0.35,4,27,3500
B08RHPDNVV,RemoteControls,Unknown,235,599,0.61,3.5,197,364
B00NH13Q8W,Cables,USBCables,299,800,0.63,4.5,74977,501
B0B8SSZ76F,Cables,USBCables,799,1999,0.6,4.2,8583,1200
B0841KQR1Z,RemoteControls,Unknown,299,999,0.7,3.8,928,700
B0B467CCB9,StandardTelevisions,Unknown,6999,16990,0.59,3.8,110,9991
B095JQVC7N,SmartTelevisions,Unknown,42999,59999,0.28,4.1,6753,17000
B08PPHFXG3,Cables,HDMICables,173,999,0.83,4.3,1237,826
B06XR9PR5X,Adapters,Unknown,209,600,0.65,4.4,18872,391
B09JSW16QD,Cables,USBCables,848.99,1490,0.43,3.9,356,641.01
B07JH1CBGW,Cables,USBCables,649,1999,0.68,4.2,24269,1350
B09127FZCK,RemoteControls,Unknown,299,899,0.67,3.8,425,600
B083GQGT3Z,"TVMounts,Stands&Turntables",TVWall&CeilingMounts,399,799,0.5,4.1,1161,400
B09Q8WQ5QJ,Cables,USBCables,249,499,0.5,4.1,1508,250
B07YZG8PPY,SatelliteReceivers,Unknown,1249,2299,0.46,4.3,7636,1050
B09H39KTTB,RemoteControls,Unknown,213,499,0.57,3.7,246,286
B08DCVRW98,RemoteControls,Unknown,209,499,0.58,4,479,290
B0718ZN31Q,Cables,HDMICables,598,4999,0.88,4.2,910,4401
B0162LYSFS,Cables,USBCables,799,1749,0.54,4.1,5626,950
B07PFJ5VQD,Cables,USBCables,159,595,0.73,4.3,14184,436
B01J8S6X2I,Cables,DVICables,499,1100,0.55,4.4,25177,601
B09MJ77786,SmartTelevisions,Unknown,31999,49999,0.36,4.3,21252,18000
B09NNGHG22,SmartTelevisions,Unknown,32990,56790,0.42,4.3,567,23800
B07V5YF4ND,RemoteControls,Unknown,299,1199,0.75,3.5,466,900
B0B65P827P,Cables,USBCables,128.31,549,0.77,3.9,61,420.69
B084MZYBTV,Cables,USBCables,599,849,0.29,4.5,474,250
B097ZQTDVZ,RemoteControls,Unknown,399,899,0.56,3.4,431,500
B0B5F3YZY4,Cables,USBCables,449,1099,0.59,4,242,650
B09G5TSGXV,Cables,USBCables,254,799,0.68,4,2905,545
B006LW0WDQ,Cables,SpeakerCables,399,795,0.5,4.4,12091,396
B09YLX91QR,Cables,USBCables,179,399,0.55,4,1423,220
B081FJWN52,Cables,USBCables,339,999,0.66,4.3,6255,660
B0758F7KK7,"TVMounts,Stands&Turntables",TVWall&CeilingMounts,399,999,0.6,4,1236,600
B09L835C3V,RemoteControls,Unknown,199,399,0.5,4.2,1335,200
B098TV3L96,RemoteControls,Unknown,349,1999,0.83,3.8,197,1650
B08NCKT9FG,Cables,USBCables,299,798,0.63,4.4,28791,499
B0B4T6MR8N,Cables,USBCables,89,800,0.89,3.9,1075,711
B01GGKZ4NU,Cables,USBCables,549,995,0.45,4.2,29746,446
B09BW2GP18,Cables,USBCables,129,1000,0.87,3.9,295,871
B09WN3SRC7,SmartTelevisions,Unknown,77990,139900,0.44,4.7,5935,61910
B09B125CFJ,RemoteControls,Unknown,349,799,0.56,3.6,323,450
B09RQRZW2X,RemoteControls,Unknown,499,899,0.44,3.7,185,400
B07924P3C5,Cables,USBCables,299,799,0.63,4.2,2117,500
B08N1WL9XW,Cables,USBCables,182,599,0.7,4,9378,417
B07VVXJ2P5,"TVMounts,Stands&Turntables",TVWall&CeilingMounts,96,399,0.76,3.6,1796,303
B0BC8BQ432,SmartTelevisions,Unknown,54990,85000,0.35,4.3,3587,30010
B06XFTHCNY,Cables,RCACables,439,758,0.42,4.2,4296,319
B08CT62BM1,Cables,USBCables,299,999,0.7,4.3,2651,700
B07CRL2GY6,Cables,USBCables,299,799,0.63,4.2,94363,500
B07DWFX9YS,Cables,USBCables,789,1999,0.61,4.2,34540,1210
B01D5H90L4,Cables,HDMICables,299,700,0.57,4.4,8714,401
B07F1P8KNV,Cables,USBCables,325,1099,0.7,4.2,10576,774
B084N1BM9L,Cables,USBCables,1299,1999,0.35,4.4,7318,700
B09F6D21BY,RemoteControls,Unknown,790,1999,0.6,3,103,1209
B09LQQYNZQ,StreamingClients,Unknown,4699,4699,0,4.5,224,0
B0BC9BW512,SmartTelevisions,Unknown,18999,24990,0.24,4.3,4702,5991
B0B61HYR92,Cables,USBCables,199,999,0.8,4.2,85,800
B075ZTJ9XR,Cables,HDMICables,269,650,0.59,4.4,35877,381
B0978V2CP6,Unknown,Unknown,1990,3100,0.36,4,897,1110
B09LRZYBH1,TowerSpeakers,Unknown,2299,3999,0.43,3.8,282,1700
B0B997FBZT,SmartTelevisions,Unknown,35999,49990,0.28,4.3,1611,13991
B098LCVYPW,RemoteControls,Unknown,349,999,0.65,4.2,513,650
B09HV71RL1,Cables,USBCables,719,1499,0.52,4.1,1045,780
B08PZ6HZLT,SmartTelevisions,Unknown,8999,18999,0.53,4,6347,10000
B075TJHWVC,SatelliteReceivers,Unknown,917,2299,0.6,4.2,3300,1382
B09LV13JFB,RemoteControls,Unknown,399,999,0.6,3.3,23,600
B092BL5DCX,SmartTelevisions,Unknown,45999,69900,0.34,4.3,7109,23901
B09VH568H7,Cables,USBCables,119,299,0.6,3.8,51,180
B09HQSV46W,SmartTelevisions,Unknown,21999,29999,0.27,4.2,32840,8000
B08TZD7FQN,RemoteControls,Unknown,299,599,0.5,3.7,708,300
B0B21XL94T,SmartTelevisions,Unknown,21990,34990,0.37,4.3,1657,13000
B09PTT8DZF,Cables,USBCables,417.44,670,0.38,3.9,523,252.56
B0B94JPY2N,Cables,USBCables,199,999,0.8,3,,800
B0B3XXSB1K,SmartTelevisions,Unknown,47990,79990,0.4,4.3,1376,32000
B08RZ12GKR,RemoteControls,Unknown,215,499,0.57,3.5,121,284
B0B4T8RSJ1,Cables,USBCables,99,800,0.88,3.9,1075,701
B0B7B9V9QP,SmartTelevisions,Unknown,18999,35000,0.46,4,1001,16001
B08XXVXP3J,Cables,USBCables,249,999,0.75,4.3,112,750
B06XGWRKYT,StandardTelevisions,Unknown,7999,15999,0.5,3.8,3022,8000
B07CWDX49D,Cables,USBCables,649,1600,0.59,4.3,5451,951
B09TY4MSH3,RemoteControls,Unknown,1289,2499,0.48,3.3,73,1210
B07RY2X9MP,Cables,HDMICables,609,1500,0.59,4.5,1029,891
B0B2C5MJN6,SmartTelevisions,Unknown,32990,54990,0.4,4.1,1555,22000
B0BBMGLQDW,Cables,HDMICables,599,1999,0.7,4.2,47,1400
B01LONQBDG,Cables,USBCables,349,899,0.61,4.1,14896,550
B08XXF5V6G,SmartTelevisions,Unknown,29999,50999,0.41,4.4,1712,21000
B09HK9JH4F,RemoteControls,Unknown,199,399,0.5,4.2,1335,200
B09MMD1FDN,RemoteControls,Unknown,349,699,0.5,3.9,214,350
B09HN7LD5L,"TVMounts,Stands&Turntables",TVWall&CeilingMounts,1850,4500,0.59,4,184,2650
B0BNDD9TN6,Unknown,Unknown,13990,28900,0.52,4.5,7,14910
B0941392C8,Cables,USBCables,129,449,0.71,3.7,41,320
B01M5967SY,Cables,HDMICables,379,999,0.62,4.2,12153,620
B016MDK4F4,Cables,HDMICables,185,499,0.63,4.2,25,314
B08G43CCLC,WirelessUSBAdapters,Unknown,218,999,0.78,4.2,163,781
B0B61GCHC1,Cables,USBCables,199,999,0.8,4.3,87,800
B07RX14W1Q,Cables,HDMICables,499,900,0.45,4.4,2165,401
B09PLD9TCD,SmartTelevisions,Unknown,26999,42999,0.37,4.2,1510,16000
B0B8ZKWGKD,"TVMounts,Stands&Turntables",TVWall&CeilingMounts,893,1052,0.15,4.3,106,159
B09NNJ9WYM,SmartTelevisions,Unknown,10990,19990,0.45,3.7,129,9000
B08H5L8V1L,Cables,USBCables,379,1099,0.66,4.3,3049,720
B0B8CXTTG3,SmartTelevisions,Unknown,16999,25999,0.35,4.2,32840,9000
B09HCH3JZG,Cables,HDMICables,699,1899,0.63,4.4,390,1200
B097JVLW3L,3DGlasses,Unknown,2699,3500,0.23,3.5,621,801
B09SB6SJB4,Cables,USBCables,129,599,0.78,4.1,265,470
B08NW8GHCJ,Cables,USBCables,389,999,0.61,4.3,838,610
B09YHLPQYT,RemoteControls,Unknown,246,600,0.59,4.2,143,354
B08G1RW2Q3,Cables,USBCables,299,799,0.63,4,151,500
B08YXJJW8H,RemoteControls,Unknown,247,399,0.38,3.9,200,152
B09P8M18QM,RemoteControls,Unknown,1369,2999,0.54,3.3,227,1630
B08BG4M4N7,RemoteControls,Unknown,199,499,0.6,3.8,538,300
B07VJ9ZTXS,Cables,HDMICables,299,599,0.5,4,171,300
B084872DQY,SmartTelevisions,Unknown,14999,14999,0,4.3,27508,0
B00GGGOYEU,Cables,USBCables,299,699,0.57,3.9,1454,400
B08FD2VSD9,SmartTelevisions,Unknown,24990,51990,0.52,4.2,2951,27000
B0BQRJ3C47,Cables,USBCables,249,999,0.75,5,,750
B095JPKPH3,SmartTelevisions,Unknown,61999,69999,0.11,4.1,6753,8000
B087JWLZ2K,SmartTelevisions,Unknown,24499,50000,0.51,3.9,3518,25501
B09DSXK8JX,SmartTelevisions,Unknown,10499,19499,0.46,4.2,1510,9000
B08V9C4B1J,Cables,USBCables,349,999,0.65,4.3,838,650
B08PKBMJKS,RemoteControls,Unknown,197,499,0.61,3.8,136,302
B0B8VQ7KDS,SatelliteReceivers,Unknown,1299,2499,0.48,4.3,301,1200
B086JTMRYL,Cables,USBCables,1519,1899,0.2,4.4,19763,380
B09RWQ7YR6,SmartTelevisions,Unknown,46999,69999,0.33,4.3,21252,23000
B00OFM6PEO,Cables,USBCables,299,799,0.63,4.3,1902,500
B0BF57RN3K,Unknown,Unknown,1799,19999,0.91,4.2,13937,18200
B0B3RRWSF6,Unknown,Unknown,1998,9999,0.8,4.3,27696,8001
B0B5B6PQCT,Unknown,Unknown,1999,7990,0.75,3.8,17831,5991
B08HV83HL3,Chargers,PowerBanks,2049,2199,0.07,4.3,178912,150
B0BBN4DZBD,Smartphones,Unknown,6499,8999,0.28,4,7807,2500
B0B3CPQ5PF,Smartphones,Unknown,28999,28999,0,4.3,17415,0
B0B3CQBRB4,Smartphones,Unknown,28999,28999,0,4.3,17415,0
B0BBN56J5H,Smartphones,Unknown,6499,8999,0.28,4,7807,2500
B0BBN3WF7V,Smartphones,Unknown,6499,8999,0.28,4,7807,2500
B0BDRVFDKP,MicroSD,Unknown,569,1000,0.43,4.4,67259,431
B0B5LVS732,Unknown,Unknown,1898,4999,0.62,4.1,10689,3101
B09V2Q4QVQ,BasicMobiles,Unknown,1299,1599,0.19,4,128311,300
B09V12K8NT,Unknown,Unknown,1499,6990,0.79,3.9,21796,5491
B01DEWVZ2C,In-Ear,Unknown,599,999,0.4,4.1,192590,400
B0BMGB3CH9,Smartphones,Unknown,9499,11999,0.21,4.2,284,2500
B08D77XZX5,In-Ear,Unknown,599,2499,0.76,3.9,58162,1900
B09XB8GFBQ,Smartphones,Unknown,8999,11999,0.25,4,12796,3000
B07WG8PDCW,Chargers,AutomobileChargers,349,1299,0.73,4,14282,950
B07GPXXNNG,In-Ear,Unknown,349,999,0.65,4.1,363713,650
B0BDYVC5TD,MicroSD,Unknown,959,1800,0.47,4.4,67259,841
B0BMGB2TPR,Smartphones,Unknown,9499,11999,0.21,4.2,284,2500
B08MC57J31,Chargers,PowerBanks,1499,2499,0.4,4.3,15970,1000
B08HVL8QN3,Chargers,PowerBanks,1149,2199,0.48,4.3,178912,1050
B0746JGVDS,AutomobileAccessories,Cradles,349,999,0.65,3.9,46399,650
B08VFF6JQ8,Chargers,WallChargers,1219,1699,0.28,4.4,8891,480
B09NVPSCQT,Unknown,Unknown,1599,3999,0.6,4,30254,2400
B09YV4RG4D,Unknown,Unknown,1499,7999,0.81,4.2,22636,6500
B09TWHTBKQ,Smartphones,Unknown,18499,25999,0.29,4.1,22318,7500
B08L5HMJVW,MicroSD,Unknown,369,700,0.47,4.4,67259,331
B0B4F2XCK3,Smartphones,Unknown,12999,17999,0.28,4.1,18998,5000
B0BF54972T,Unknown,Unknown,1799,19999,0.91,4.2,13937,18200
B09YV4MW2T,Unknown,Unknown,2199,9999,0.78,4.2,29471,7800
B09TWH8YHM,Smartphones,Unknown,16999,24999,0.32,4.1,22318,8000
B07WGMMQGP,Smartphones,Unknown,16499,20999,0.21,4,21350,4500
B0BF563HB4,Unknown,Unknown,1799,19999,0.91,4.2,13937,18200
B07JW9H4J1,Cables,USBCables,399,1099,0.64,4.2,24270,700
B09GFPVD9Y,Smartphones,Unknown,8499,10999,0.23,4.1,313836,2500
B09GFLXVH9,Smartphones,Unknown,6499,8499,0.24,4.1,313836,2000
B0BF4YBLPX,Unknown,Unknown,1799,19999,0.91,4.2,13937,18200
B09XB7DPW1,Smartphones,Unknown,8999,11999,0.25,4,12796,3000
B07PFJ5W31,Cables&Adapters,OTGAdapters,139,495,0.72,4.3,14185,356
B0B3N7LR6K,Unknown,Unknown,3999,16999,0.76,4.3,17159,13000
B09ZQK9X8G,Unknown,Unknown,2998,5999,0.5,4.1,5179,3001
B098NS6PVG,Cables,USBCables,199,349,0.43,4,43993,150
B07WJV6P1R,Smartphones,Unknown,15499,18999,0.18,4.1,19252,3500
B096MSW6CT,Cables,USBCables,199,999,0.8,3.9,7928,800
B0BF54LXW6,Unknown,Unknown,1799,19999,0.91,4.2,13937,18200
B09XB7SRQ5,Smartphones,Unknown,8999,11999,0.25,4,12796,3000
B09FFK1PQG,Chargers,AutomobileChargers,873,1699,0.49,4.4,1680,826
B09RMQYHLH,Smartphones,Unknown,12999,15999,0.19,4.2,13246,3000
B08ZN4B121,Photo&VideoAccessories,Tripods,539,1599,0.66,3.8,14648,1060
B0B3RSDSZ3,Unknown,Unknown,1999,9999,0.8,4.3,27696,8000
B08VB34KJ1,Smartphones,Unknown,15490,20990,0.26,4.2,32916,5500
B09T39K9YL,Smartphones,Unknown,19999,24999,0.2,3.9,25824,5000
B08VF8V79P,Chargers,WallChargers,1075,1699,0.37,4.4,7462,624
B08G28Z33M,In-Ear,Unknown,399,699,0.43,4,37817,300
B09PNKXSKF,Unknown,Unknown,1999,3990,0.5,4,30254,1991
B0B5DDJNH4,Unknown,Unknown,1999,7990,0.75,3.8,17831,5991
B08HDJ86NZ,Cables,USBCables,329,699,0.53,4.2,94364,370
B07WDKLDRX,Smartphones,Unknown,28999,34999,0.17,4.4,20311,6000
B09MQSCJQ1,Unknown,Unknown,2299,7990,0.71,4.2,69622,5691
B094YFFSMY,Photo&VideoAccessories,SelfieSticks,399,1999,0.8,4,3382,1600
B09MT84WV5,MicroSD,Unknown,1149,3999,0.71,4.3,140036,2850
B08VS3YLRK,Chargers,WallChargers,529,1499,0.65,4.1,8599,970
B0B4F3QNDM,Smartphones,Unknown,13999,19499,0.28,4.1,18998,5500
B07GQD4K6L,In-Ear,Unknown,379,999,0.62,4.1,363713,620
B07WDKLRM4,Smartphones,Unknown,13999,19999,0.3,4.1,19252,6000
B0BP18W8TM,Unknown,Unknown,3999,9999,0.6,4.4,73,6000
B08Y1TFSP6,Cables,USBCables,149,1000,0.85,3.9,24870,851
B07GXHC691,Stands,Unknown,99,499,0.8,4.3,42641,400
B08FN6WGDQ,In-Ear,Unknown,4790,15990,0.7,4,4390,11200
B0B3D39RKV,Smartphones,Unknown,33999,33999,0,4.3,17415,0
B085HY1DGR,CableConnectionProtectors,Unknown,99,999,0.9,4,1396,900
B08D75R3Z1,In-Ear,Unknown,299,1900,0.84,3.6,18202,1601
B0B4F2TTTS,Smartphones,Unknown,10999,14999,0.27,4.1,18998,4000
B09WRMNJ9G,Smartphones,Unknown,34999,38999,0.1,4.2,11029,4000
B0B14MR9L1,Smartphones,Unknown,16999,24999,0.32,4.1,22318,8000
B09ZPL5VYM,Stands,Unknown,199,499,0.6,4.1,1786,300
B0993BB11X,Chargers,PowerBanks,999,1599,0.38,4,7222,600
B09V2PZDX8,BasicMobiles,Unknown,1299,1599,0.19,4,128311,300
B085W8CFLH,In-Ear,Unknown,599,1800,0.67,3.5,83996,1201
B09MT6XSFW,MicroSD,Unknown,599,1899,0.68,4.3,140036,1300
B07RD611Z8,Chargers,PowerBanks,1799,2499,0.28,4.1,18678,700
B08WRWPM22,Cables,USBCables,176.63,499,0.65,4.1,15189,322.37
B0B4F52B5X,Smartphones,Unknown,10999,14999,0.27,4.1,18998,4000
B096VF5YYF,Unknown,Unknown,2999,7990,0.62,4.1,48449,4991
B0B5D39BCD,Unknown,Unknown,1999,7990,0.75,3.8,17831,5991
B09XBJ1CTN,Chargers,WallChargers,649,999,0.35,4.2,1315,350
B0B4F5L738,Smartphones,Unknown,13999,19499,0.28,4.1,18998,5500
B08MTCKDYN,Décor,Unknown,119,299,0.6,4.1,5999,180
B09QS8V5N8,Smartphones,Unknown,12999,17999,0.28,4.1,50772,5000
B09T2WRLJJ,Smartphones,Unknown,20999,26999,0.22,3.9,25824,6000
B089WB69Y1,Chargers,WallChargers,249,649,0.62,4,14404,400
B0116MIKKC,Chargers,WallChargers,99,171,0.42,4.5,11339,72
B09P858DK8,AutomobileAccessories,Cradles,489,1999,0.76,4,3626,1510
B07DJLFMPS,MicroSD,Unknown,369,1600,0.77,4,32625,1231
B07WHQWXL7,Smartphones,Unknown,15499,20999,0.26,4.1,19252,5500
B07WDK3ZS6,Smartphones,Unknown,15499,18999,0.18,4.1,19252,3500
B09T2S8X9C,Smartphones,Unknown,22999,28999,0.21,3.9,25824,6000
B07S9S86BF,In-Ear,Unknown,599,1490,0.6,4.1,161679,891
B07N8RQ6W7,Stands,Unknown,134,699,0.81,4.1,16685,565
B09FKDH6FS,Smartphones,Unknown,7499,7999,0.06,4,30907,500
B08HVJCW95,Chargers,PowerBanks,1149,2199,0.48,4.3,178912,1050
B09YDFDVNS,BasicMobiles,Unknown,1324,1699,0.22,4,128311,375
B07WGPKTS4,Smartphones,Unknown,13999,19999,0.3,4.1,19252,6000
B0789LZTCJ,Cables,USBCables,299,799,0.63,4.2,94364,500
B09MZCQYHZ,Chargers,PowerBanks,999,1599,0.38,4,7222,600
B0B4F2ZWL3,Smartphones,Unknown,12999,17999,0.28,4.1,18998,5000
B08VB2CMR3,Smartphones,Unknown,15490,20990,0.26,4.2,32916,5500
B095RTJH1M,"Maintenance,Upkeep&Repairs",ScreenProtectors,999,2899,0.66,4.6,26603,1900
B097R25DP7,Unknown,Unknown,1599,4999,0.68,4,67950,3400
B09YDFKJF8,BasicMobiles,Unknown,1324,1699,0.22,4,128311,375
B07WDK3ZS2,Smartphones,Unknown,20999,29990,0.3,4.3,9499,8991
B08RZ5K9YH,Chargers,WallChargers,999,1999,0.5,4.3,1777,1000
B08444S68L,Smartphones,Unknown,12490,15990,0.22,4.2,58506,3500
B07WHQBZLS,Smartphones,Unknown,17999,21990,0.18,4,21350,3991
B085DTN6R2,Cables,USBCables,350,899,0.61,4.2,2263,549
B09JS562TP,BasicMobiles,Unknown,1399,1630,0.14,4,9378,231
B09V17S2BG,Unknown,Unknown,1499,6990,0.79,3.9,21796,5491
B0B5CGTBKV,Unknown,Unknown,1999,7990,0.75,3.8,17833,5991
B0B23LW7NV,"Maintenance,Upkeep&Repairs",ScreenProtectors,999,2899,0.66,4.7,7779,1900
B09KGV7WSV,StylusPens,Unknown,2099,5999,0.65,4.3,17129,3900
B0971DWFDT,Chargers,AutomobileChargers,337,699,0.52,4.2,4969,362
B0BNV7JM5Y,Unknown,Unknown,2999,7990,0.62,4.1,154,4991
B0B53QFZPY,Unknown,Unknown,1299,5999,0.78,3.3,4415,4700
B07WJWRNVK,Smartphones,Unknown,16499,20990,0.21,4,21350,4491
B01F25X6RQ,In-Ear,Unknown,499,499,0,4.2,31539,0
B0B244R4KB,"Maintenance,Upkeep&Repairs",ScreenProtectors,999,2899,0.66,4.6,6129,1900
B0BMGG6NKT,Smartphones,Unknown,10499,13499,0.22,4.2,284,3000
B092JHPL72,Mounts,Bedstand&DeskMounts,251,999,0.75,3.7,3234,748
B09GFM8CGS,Smartphones,Unknown,6499,7999,0.19,4.1,313832,1500
B0B3MWYCHQ,Unknown,Unknown,2999,9999,0.7,4.2,20879,7000
B09J2MM5C6,Cases&Covers,BasicCases,279,1499,0.81,4.2,2646,1220
B07Q4QV1DL,Stands,Unknown,269,1499,0.82,4.5,28978,1230
B0B56YRBNT,Smartphones,Unknown,8999,13499,0.33,3.8,3145,4500
B09NHVCHS9,Cables,USBCables,59,199,0.7,4,9377,140
B01DF26V7A,In-Ear,Unknown,599,1299,0.54,4.1,192589,700
B08K4PSZ3V,StylusPens,Unknown,349,999,0.65,3.8,16557,650
B0B4F1YC3J,Smartphones,Unknown,13999,19499,0.28,4.1,18998,5500
B08K4RDQ71,StylusPens,Unknown,349,999,0.65,3.8,16557,650
B085CZ3SR1,Chargers,WallChargers,499,599,0.17,4.2,21916,100
B09YV3K34W,Unknown,Unknown,2199,9999,0.78,4.2,29472,7800
B09Z6WH2N1,Décor,Unknown,95,499,0.81,4.2,1949,404
B09NL4DJ2Z,Cables,USBCables,139,249,0.44,4,9377,110
B0BGSV43WY,Unknown,Unknown,4499,7999,0.44,3.5,37,3500
B0926V9CTV,Stands,Unknown,89,599,0.85,4.3,2351,510
B07WGPKMP5,Smartphones,Unknown,15499,20999,0.26,4.1,19253,5500
B0BBFJ9M3X,Smartphones,Unknown,13999,15999,0.13,3.9,2180,2000
B09PLFJ7ZW,Unknown,Unknown,1999,4999,0.6,3.9,7571,3000
B0B53NXFFR,Unknown,Unknown,1399,5999,0.77,3.3,4415,4600
B07GNC2592,AutomobileAccessories,Cradles,599,999,0.4,4,18654,400
B09TP5KBN7,Chargers,WallChargers,199,1099,0.82,4,3197,900
B0949SBKMP,Unknown,Unknown,1799,6990,0.74,4,26880,5191
B09V175NP7,Unknown,Unknown,1499,6990,0.79,3.9,21796,5491
B07WHSJXLF,Smartphones,Unknown,20999,29990,0.3,4.3,9499,8991
B0BD3T6Z1D,Smartphones,Unknown,12999,13499,0.04,4.1,56098,500
B09LHYZ3GJ,Smartphones,Unknown,16999,20999,0.19,4.1,31822,4000
B07WFPMGQQ,Smartphones,Unknown,19999,27990,0.29,4.3,9499,7991
B09QS9X9L8,Smartphones,Unknown,12999,18999,0.32,4.1,50772,6000
B0B6BLTGTT,Unknown,Unknown,2999,5999,0.5,4.1,7148,3000
B084DTMYWK,Chargers,WallChargers,329,999,0.67,4.2,3492,670
B0B53QLB9H,Unknown,Unknown,1299,5999,0.78,3.3,4415,4700
B0BDYW3RN3,MicroSD,Unknown,1989,3500,0.43,4.4,67260,1511
B0B3RS9DNF,Unknown,Unknown,1999,9999,0.8,4.3,27704,8000
B09QS9X16F,Smartphones,Unknown,12999,18999,0.32,4.1,50772,6000
B08HV25BBQ,Unknown,Unknown,1499,4999,0.7,4,92588,3500
B09LJ116B5,Smartphones,Unknown,16999,20999,0.19,4.1,31822,4000
B0BMVWKZ8G,Unknown,Unknown,1999,8499,0.76,4.3,240,6500
B0BD92GDQH,Unknown,Unknown,4999,6999,0.29,3.8,758,2000
B08Y1SJVV5,Cables,USBCables,99,666.66,0.85,3.9,24870,567.66
B0B5GF6DQD,Unknown,Unknown,2499,5999,0.58,3.7,828,3500
B09JS94MBV,BasicMobiles,Unknown,1399,1630,0.14,4,9378,231
B09YV463SW,Unknown,Unknown,1499,9999,0.85,4.2,22638,8500
B09NL4DCXK,Chargers,WallChargers,249,599,0.58,3.9,2147,350
B0B8CHJLWJ,"Maintenance,Upkeep&Repairs",ScreenProtectors,299,1199,0.75,4.5,596,900
B0B8ZWNR5T,Décor,Unknown,79,499,0.84,4.2,1949,420
B0BBFJLP21,Smartphones,Unknown,13999,15999,0.13,3.9,2180,2000
B01F262EUU,In-Ear,Unknown,949,999,0.05,4.2,31539,50
B09VZBGL1N,Stands,Unknown,99,499,0.8,4.1,2451,400
B0BNVBJW2S,Unknown,Unknown,2499,7990,0.69,4.1,154,5491
B0B2DJ5RVQ,Mounts,HandlebarMounts,689,1999,0.66,4.3,1193,1310
B096TWZRJC,Mounts,Bedstand&DeskMounts,499,1899,0.74,4.1,1475,1400
B09GP6FBZT,"Maintenance,Upkeep&Repairs",ScreenProtectors,299,999,0.7,4.3,8891,700
B0B3DV7S9B,Stands,Unknown,209,499,0.58,3.6,104,290
B09MKP344P,Smartphones,Unknown,8499,12999,0.35,4.1,6662,4500
B08JW1GVS7,Chargers,PowerBanks,2179,3999,0.46,4,8380,1820
B09LHZSMRR,Smartphones,Unknown,16999,20999,0.19,4.1,31822,4000
B0B5V47VK4,Smartphones,Unknown,44999,49999,0.1,4.3,3075,5000
B08H21B6V7,BasicMobiles,Unknown,2599,2999,0.13,3.9,14266,400
B09BNXQ6BR,Unknown,Unknown,2799,6499,0.57,4.1,38879,3700
B01FSYQ2A4,On-Ear,Unknown,1399,2990,0.53,4.1,97175,1591
B08L5FM4JC,MicroSD,Unknown,649,2400,0.73,4.4,67260,1751
B0B54Y2SNX,Chargers,WallChargers,799,3990,0.8,3.8,119,3191
B08BQ947H3,CameraPrivacyCovers,Unknown,149,149,0,4.3,10833,0
B0B7DHSKS7,BasicMobiles,Unknown,3799,5299,0.28,3.5,1641,1500
B09SJ1FTYV,Cases&Covers,BasicCases,199,1899,0.9,4,4740,1700
B09XJ5LD6L,Smartphones,Unknown,23999,32999,0.27,3.9,8866,9000
B07WHS7MZ1,Smartphones,Unknown,29990,39990,0.25,4.3,8399,10000
B0BBVKRP7B,Unknown,Unknown,281,1999,0.86,2.8,87,1718
B09NY7W8YD,Smartphones,Unknown,7998,11999,0.33,3.8,125,4001
B0BMM7R92G,Unknown,Unknown,249,999,0.75,4.5,38,750
B08M66K48D,"Maintenance,Upkeep&Repairs",ScreenProtectors,299,599,0.5,4.3,4674,300
B09RFB2SJQ,Unknown,Unknown,499,1899,0.74,4.1,412,1400
B0B82YGCF6,Unknown,Unknown,899,3499,0.74,3,681,2600
B08HF4W2CT,Chargers,PowerBanks,1599,3499,0.54,4,36384,1900
B08BCKN299,Unknown,Unknown,120,999,0.88,3.9,6491,879
B0B2X35B1K,Unknown,Unknown,3999,6999,0.43,4.1,10229,3000
B09QS9CWLV,Smartphones,Unknown,12999,18999,0.32,4.1,50772,6000
B0B1NX6JTN,Cases&Covers,BasicCases,1599,2599,0.38,4.3,1801,1000
B078G6ZF5Z,Chargers,WallChargers,699,1199,0.42,4,14404,500
B0BBW521YC,Décor,PhoneCharms,99,999,0.9,4.4,305,900
B09HSKYMB3,Smartphones,Unknown,7915,9999,0.21,4.3,1376,2084
B09YV42QHZ,Unknown,Unknown,1499,7999,0.81,4.2,22638,6500
B09BF8JBWX,BasicMobiles,Unknown,1055,1249,0.16,3.8,2352,194
B0B5YBGCKD,"Maintenance,Upkeep&Repairs",ScreenProtectors,150,599,0.75,4.3,714,449
B01GGKYKQM,Cables,USBCables,219,700,0.69,4.3,20052,481
B09MY4W73Q,Cases&Covers,BasicCases,474,1799,0.74,4.3,1454,1325
B09T37CKQ5,Chargers,WallChargers,239,599,0.6,3.9,2147,360
B09GFPN6TP,Smartphones,Unknown,7499,9499,0.21,4.1,313832,2000
B0B298D54H,Unknown,Unknown,265,999,0.73,3.7,465,734
B08VB57558,Smartphones,Unknown,37990,74999,0.49,4.2,27790,37009
B0B9BXKBC7,Photo&VideoAccessories,SelfieSticks,1799,3999,0.55,4.6,245,2200
B09NY6TRXG,Smartphones,Unknown,8499,11999,0.29,3.9,276,3500
B09NVPJ3P4,Unknown,Unknown,1999,3999,0.5,4,30254,2000
B0B3NDPCS9,Unknown,Unknown,3999,17999,0.78,4.3,17161,14000
B09VGKFM7Y,Chargers,WallChargers,219,499,0.56,4.4,14,280
B07QCWY5XV,Photo&VideoAccessories,SelfieSticks,599,1399,0.57,4.1,14560,800
B098QXR9X2,Chargers,PowerBanks,2499,2999,0.17,4.1,3156,500
B07H1S7XW8,Mounts,Shower&WallMounts,89,499,0.82,4.1,9340,410
B0BNXFDTZ2,Unknown,Unknown,2999,11999,0.75,4.4,768,9000
B088ZFJY82,Stands,Unknown,314,1499,0.79,4.5,28978,1185
B0B4F4QZ1H,Smartphones,Unknown,13999,19499,0.28,4.1,18998,5500
B09BCNQ9R2,Cables&Adapters,OTGAdapters,139,499,0.72,4.2,4971,360
B0B9BD2YL4,StylusPens,Unknown,2599,6999,0.63,4.5,1526,4400
B071Z8M4KX,In-Ear,Unknown,365,999,0.63,4.1,363711,634
B09N3ZNHTY,In-Ear,Unknown,1499,4490,0.67,3.9,136954,2991
B0B3RRWSF6,Unknown,Unknown,1998,9999,0.8,4.3,27709,8001
B0B5B6PQCT,Unknown,Unknown,1799,7990,0.77,3.8,17833,6191
B005FYNT3G,Unknown,Unknown,289,650,0.56,4.3,253105,361
B01J0XWYKQ,Mice,Unknown,599,895,0.33,4.4,61314,296
B09CTRPSJR,GraphicTablets,Unknown,217,237,0.08,3.8,7354,20
B08JQN8DGZ,In-Ear,Unknown,1299,2990,0.57,3.8,180998,1691
B0B72BSW7K,Lapdesks,Unknown,263,699,0.62,3.5,690,436
B0BDRVFDKP,MicroSD,Unknown,569,1000,0.43,4.4,67262,431
B0B5LVS732,Unknown,Unknown,1999,4999,0.6,4.1,10689,3000
B08TV2P1N8,In-Ear,Unknown,1399,3990,0.65,4.1,141841,2591
B07XCM6T4N,NotebookComputerStands,Unknown,349,1499,0.77,4.3,24791,1150
B07T5DKR5D,In-Ear,Unknown,149,399,0.63,3.5,21764,250
B01DEWVZ2C,In-Ear,Unknown,599,999,0.4,4.1,192587,400
B07PR1CL3S,On-Ear,Unknown,1220,3990,0.69,4.1,107151,2770
B09V12K8NT,Unknown,Unknown,1499,6990,0.79,3.9,21797,5491
B07JQKQ91F,In-Ear,Unknown,499,999,0.5,3.9,92995,500
B08W56G1K9,CableConnectionProtectors,Unknown,99,999,0.9,4.1,8751,900
B07WG8PDCW,Chargers,AutomobileChargers,349,1299,0.73,4,14283,950
B01L8ZNWN2,Unknown,Unknown,475,1500,0.68,4.2,64273,1025
B009VCGPSY,Mice,Unknown,269,649,0.59,4.3,54315,380
B0B296NTFV,Mice,Unknown,299,599,0.5,4.1,1597,300
B09YV4RG4D,Unknown,Unknown,1499,7999,0.81,4.2,22638,6500
B07TCN5VR9,In-Ear,Unknown,329,999,0.67,3.9,77027,670
B00ZYLMQH0,Keyboards,Unknown,549,1799,0.69,4.3,28829,1250
B09YV4MW2T,Unknown,Unknown,2199,9999,0.78,4.2,29478,7800
B01HJI0FS2,Mice,Unknown,299,650,0.54,4.5,33176,351
B076B8G5D8,Unknown,Unknown,798,1995,0.6,4,68664,1197
B014SZO90Y,Unknown,Unknown,266,315,0.16,4.5,28030,49
B07KCMR8D6,Stationery,"Pens,Pencils&WritingSupplies",50,50,0,4.3,5792,0
B00N1U9AJS,Tape,Unknown,130,165,0.21,3.9,14778,35
B07KY3FNQP,In-Ear,Unknown,449,1290,0.65,4.1,91770,841
B0B3N7LR6K,Unknown,Unknown,3999,16999,0.76,4.3,17162,13000
B07QZ3CZ48,In-Ear,Unknown,399,1290,0.69,4.2,206,891
B09T3H12GV,Keyboard&MouseSets,Unknown,1399,2498,0.44,4.2,33717,1099
B08ZJDWTJ1,Unknown,Unknown,4098,4999,0.18,4.5,50810,901
B08FTFXNNB,Unknown,Unknown,499,1999,0.75,3.7,3369,1500
B08YDFX7Y1,Mice,Unknown,299,449,0.33,3.5,11827,150
B087FXHB6J,Keyboard&MouseSets,Unknown,699,999,0.3,3.5,15295,300
B07N42JB4S,Tripods&Monopods,Tabletop&TravelTripods,799,3990,0.8,4.3,27139,3191
B0B31BYXQQ,In-Ear,Unknown,1399,5499,0.75,3.9,9504,4100
B07SLMR1K6,Unknown,Unknown,519,1350,0.62,4.3,30058,831
B09MQSCJQ1,Unknown,Unknown,2299,7990,0.71,4.2,69619,5691
B092X94QNQ,In-Ear,Unknown,1499,3990,0.62,4.1,109864,2491
B0846D5CBP,Scientific,Unknown,1295,1295,0,4.5,5760,0
B00KXULGJQ,Unknown,Unknown,1889,5499,0.66,4.2,49551,3610
B08H9Z3XQW,In-Ear,Unknown,455,1490,0.69,4.1,161677,1035
B08LPJZSSW,Tripods&Monopods,TripodLegs,399,995,0.6,3.9,21372,596
B09MT84WV5,MicroSD,Unknown,1059,3999,0.74,4.3,140035,2940
B08CYPB15D,InkjetInkCartridges,Unknown,717,761,0.06,4,7199,44
B00MFPCY5C,Keyboard&MiceAccessories,DustCovers,39,299,0.87,3.5,15233,260
B07JJFSG2B,Unknown,Unknown,889,2500,0.64,4.3,55747,1611
B09NR6G588,In-Ear,Unknown,1199,4999,0.76,3.8,14961,3800
B07JPX9CR7,Mice,Unknown,569,1299,0.56,4.4,9275,730
B08D11DZ2W,In-Ear,Unknown,1499,8999,0.83,3.7,28324,7500
B07Q7561HD,Unknown,Unknown,149,180,0.17,4.4,644,31
B0819HZPXL,GamingMice,Unknown,399,549,0.27,4.4,18139,150
B00LXTFMRS,Paints,Unknown,191,225,0.15,4.4,7203,34
B0B9LDCX89,Keyboard&MiceAccessories,MousePads,129,999,0.87,4.2,491,870
B0765B3TH7,Unknown,Unknown,199,599,0.67,4.5,13568,400
B0B1F6GQPS,In-Ear,Unknown,999,4499,0.78,3.8,3390,3500
B07LG59NPV,In-Ear,Unknown,899,4499,0.8,3.8,103052,3600
B00AXHBBXU,Scientific,Unknown,522,550,0.05,4.4,12179,28
B08MCD9JFY,Macro&RinglightFlashes,Unknown,799,1999,0.6,3.8,12958,1200
B083RCTXLL,Mice,Unknown,681,1199,0.43,4.2,8258,518
B08HLZ28QC,Unknown,Unknown,1199,3490,0.66,4.1,11716,2291
B07GVR9TG7,Unknown,Unknown,2499,4999,0.5,4.4,35024,2500
B0856HY85J,Over-Ear,Unknown,1799,4999,0.64,4.1,55192,3200
B07CD2BN46,In-Ear,Unknown,429,599,0.28,4.1,119466,170
B07PLHTTB4,GraphicTablets,Unknown,100,499,0.8,3.5,9638,399
B077T3BG5L,Keyboards,Unknown,329,399,0.18,3.6,33735,70
B079Y6JZC8,Mice,Unknown,139,299,0.54,3.8,3044,160
B0856HNMR7,On-Ear,Unknown,1199,2499,0.52,4,33584,1300
B0B12K5BPM,BluetoothSpeakers,Unknown,1049,2299,0.54,3.9,1779,1250
B00LVMTA2A,Unknown,Unknown,225,250,0.1,4.4,26556,25
B07TR5HSR9,Lapdesks,Unknown,656,1499,0.56,4.3,25903,843
B0819ZZK5K,Unknown,Unknown,1109,2800,0.6,4.3,53464,1691
B096VF5YYF,Unknown,Unknown,2999,7990,0.62,4.1,48448,4991
B08QJJCY2Q,Keyboard&MiceAccessories,MousePads,169,299,0.43,4.4,5176,130
B07L5L4GTB,InkjetInkCartridges,Unknown,309,404,0.24,4.4,8614,95
B07L8KNP5F,On-Ear,Unknown,599,1399,0.57,3.8,60026,800
B08CF4SCNP,Keyboards,Unknown,299,599,0.5,3.8,3066,300
B09XX51X2G,Lapdesks,Unknown,449,999,0.55,4,2102,550
B01M72LILF,Mice,Unknown,799,1295,0.38,4.4,34852,496
B07KSMBL2H,Cables,HDMICables,219,700,0.69,4.4,426972,481
B00LZLQ624,Stationery,"Notebooks,WritingPads&Diaries",157,160,0.02,4.5,8618,3
B09GB5B4BK,Mice,Unknown,599,899,0.33,4,4018,300
B015ZXUDD0,Unknown,Unknown,479,599,0.2,4.3,11687,120
B09PL79D2X,In-Ear,Unknown,1598,2990,0.47,3.8,11015,1392
B098K3H92Z,BluetoothAdapters,Unknown,599,899,0.33,4.3,95116,300
B084PJSSQ1,Unknown,Unknown,1299,3000,0.57,4.3,23022,1701
B097R25DP7,Unknown,Unknown,1599,4999,0.68,4,67951,3400
B097C564GC,USBtoUSBAdapters,Unknown,294,4999,0.94,4.3,4426,4705
B08CYNJ5KY,InkjetInkCartridges,Unknown,828,861,0.04,4.2,4567,33
B00Y4ORQ46,On-Ear,Unknown,745,795,0.06,4,13797,50
B074CWD7MS,Tripods&Monopods,CompleteTripodUnits,1549,2495,0.38,4.4,15137,946
B00A0VCJPI,Unknown,Unknown,1469,2499,0.41,4.2,156638,1030
B00UGZWM2I,Stationery,"Notebooks,WritingPads&Diaries",198,800,0.75,4.1,9344,602
B00R1P3B4O,Film,Unknown,549,549,0,4.5,4875,0
B0B3MWYCHQ,Unknown,Unknown,2999,9999,0.7,4.2,20881,7000
B09DG9VNWB,Unknown,Unknown,12000,29999,0.6,4.3,4744,17999
B09Y5MP7C4,In-Ear,Unknown,1299,3499,0.63,3.9,12452,2200
B01DJJVFPC,Unknown,Unknown,269,315,0.15,4.5,17810,46
B07DFYJRQV,In-Ear,Unknown,799,1499,0.47,4.1,53648,700
B08L879JSN,Unknown,Unknown,6299,13750,0.54,4.2,2014,7451
B08TDJNM3G,Lamps,Unknown,59,59,0,3.8,5958,0
B06XSK3XL6,Chargers,AutomobileChargers,571,999,0.43,4.3,38221,428
B07YNTJ8ZM,BluetoothSpeakers,Unknown,549,999,0.45,3.9,64705,450
B07KR5P3YD,Keyboard&MouseSets,Unknown,448,699,0.36,3.9,17348,251
B08FB2LNSZ,In-Ear,Unknown,1499,2999,0.5,3.7,87798,1500
B01IBRHE3E,Cleaners,CleaningKits,299,499,0.4,4.2,24432,200
B01N6LU1VF,Unknown,Unknown,579,1400,0.59,4.3,189104,821
B07XLML2YS,DomeCameras,Unknown,2499,3299,0.24,4.2,93112,800
B086WMSCN3,In-Ear,Unknown,1199,5999,0.8,3.9,47521,4800
B003B00484,Unknown,Unknown,399,499,0.2,4.3,27201,100
B003L62T7W,Mice,Unknown,279,375,0.26,4.3,31534,96
B09P18XVW6,Unknown,Unknown,2499,4999,0.5,3.9,7571,2500
B00LZLPYHW,Stationery,"Notebooks,WritingPads&Diaries",137,160,0.14,4.4,6537,23
B00NNQMYNE,Unknown,Unknown,299,499,0.4,4.5,21010,200
B0B217Z5VK,In-Ear,Unknown,1799,3999,0.55,3.9,3517,2200
B07B88KQZ8,BluetoothSpeakers,Unknown,1999,2999,0.33,4.3,63899,1000
B07Z3K96FR,ScreenProtectors,Unknown,399,1499,0.73,4.1,5730,1100
B0756CLQWL,Gamepads,Unknown,1699,3999,0.58,4.2,25488,2300
B004IO5BMQ,Mice,Unknown,699,995,0.3,4.5,54405,296
B01HGCLUH6,Unknown,Unknown,1149,1699,0.32,4.2,122478,550
B01N4EV2TL,Keyboard&MouseSets,Unknown,1495,1995,0.25,4.3,7241,500
B08MZQBFLN,Lapdesks,Unknown,849,4999,0.83,4,20457,4150
B0752LL57V,Basic,Unknown,440,440,0,4.5,8610,0
B09Z28BQZT,Lapdesks,Unknown,599,3999,0.85,3.9,1087,3400
B094DQWV9B,USBtoUSBAdapters,Unknown,149,399,0.63,4,1540,250
B0BBMPH39N,GraphicTablets,Unknown,289,999,0.71,4.1,401,710
B097JQ1J5G,Unknown,Unknown,179,499,0.64,3.4,9385,320
B07YY1BY5B,Unknown,Unknown,1499,4999,0.7,4,92588,3500
B08VRMK55F,In-Ear,Unknown,399,699,0.43,3.4,3454,300
B08CHZ3ZQ7,GamingMice,Unknown,599,799,0.25,4.3,15790,200
B08SCCG9D4,PCMicrophones,Unknown,949,2000,0.53,3.9,14969,1051
B0972BQ2RS,Unknown,Unknown,2499,9999,0.75,4.1,42139,7500
B00ZRBWPA0,Unknown,Unknown,159,180,0.12,4.3,989,21
B0B2DD66GS,MicroSD,Unknown,1329,2900,0.54,4.5,19624,1571
B09M869Z5V,Unknown,Unknown,570,999,0.43,4.2,3201,429
B07W6VWZ8C,OutdoorSpeakers,Unknown,899,1999,0.55,4.1,30469,1100
B07Z1X6VFC,Bags&Sleeves,LaptopSleeves&Slipcases,449,999,0.55,4.4,9940,550
B07YL54NVJ,Unknown,Unknown,549,999,0.45,4.3,7758,450
B0759QMF85,Unknown,Unknown,1529,2399,0.36,4.3,68409,870
B00LM4X0KU,Stationery,"Pens,Pencils&WritingSupplies",100,100,0,4.3,3095,0
B08PFSZ7FH,NotebookComputerStands,Unknown,299,1499,0.8,4.2,903,1200
B012MQS060,Keyboard&MouseSets,Unknown,1295,1795,0.28,4.1,25771,500
B01MF8MB65,In-Ear,Unknown,699,999,0.3,4.1,273189,300
B00LHZWD0C,Stationery,"Notebooks,WritingPads&Diaries",252,315,0.2,4.5,3785,63
B08QDPB1SL,Unknown,Unknown,190,220,0.14,4.4,2866,30
B07BRKK9JQ,Keyboard&MouseSets,Unknown,1299,1599,0.19,4.3,27223,300
B01EZ0X3L8,Unknown,Unknown,729,1650,0.56,4.3,82356,921
B00LM4W1N2,Stationery,"Pens,Pencils&WritingSupplies",480,600,0.2,4.3,5719,120
B08YD264ZS,Lapdesks,Unknown,999,2499,0.6,4.3,1690,1500
B00GZLB57U,Cables,EthernetCables,238,699,0.66,4.4,8372,461
B07V82W5CN,Keyboard&MouseSets,Unknown,1349,2198,0.39,4,7113,849
B08HD7JQHX,PCMicrophones,Unknown,199,499,0.6,3.3,2804,300
B0B31FR4Y2,In-Ear,Unknown,1999,9999,0.8,3.7,1986,8000
B09Y14JLP3,Stands,Unknown,99,499,0.8,4.1,2451,400
B09ZHCJDP1,Mice,Unknown,499,1000,0.5,5,23,501
B08C4Z69LN,Unknown,Unknown,1792,3500,0.49,4.5,26194,1708
B016XVRKZM,Unknown,Unknown,3299,4100,0.2,3.9,15783,801
B00LHZW3XY,Stationery,"Notebooks,WritingPads&Diaries",125,180,0.31,4.4,8053,55
B098JYT4SY,Mice,Unknown,399,1190,0.66,4.1,2809,791
B08CFCK6CW,In-Ear,Unknown,1199,7999,0.85,3.6,25910,6800
B09P564ZTJ,GraphicTablets,Unknown,235,1599,0.85,3.8,1173,1364
B07MSLTW8Z,Lapdesks,Unknown,549,1999,0.73,3.6,6422,1450
B09N6TTHT6,Lamps,Unknown,89,99,0.1,4.2,241,10
B098R25TGC,In-Ear,Unknown,1299,2999,0.57,3.8,14629,1700
B0B2PQL5N3,Keyboard&MiceAccessories,MousePads,230,999,0.77,4.2,1528,769
B07DKZCZ89,Unknown,Unknown,119,499,0.76,4.3,15032,380
B08GYG6T12,SecureDigitalCards,Unknown,449,800,0.44,4.4,69585,351
B09BN2NPBD,Photo&VideoAccessories,Flashes&SelfieLights,1699,3495,0.51,4.1,14371,1796
B00J4YG0PC,Stationery,"Notebooks,WritingPads&Diaries",561,720,0.22,4.4,3182,159
B073BRXPZX,Mice,Unknown,289,590,0.51,4.4,25886,301
B08LHTJTBB,NotebookComputerStands,Unknown,599,1999,0.7,4.4,4736,1400
B07VTFN6HM,Unknown,Unknown,5599,7350,0.24,4.4,73005,1751
B008QS9J6Y,Webcams&VoIPEquipment,Webcams,1990,2595,0.23,4.3,20398,605
B09M8888DM,Unknown,Unknown,499,799,0.38,4.3,2125,300
B07Z1YVP72,Bags&Sleeves,LaptopSleeves&Slipcases,449,999,0.55,4.3,11330,550
B082FTPRSK,CoolingPads,Unknown,999,1999,0.5,4.2,27441,1000
B09RF2QXGX,CameraPrivacyCovers,Unknown,69,299,0.77,4.3,255,230
B01KK0HU3Y,Mice,Unknown,899,1499,0.4,4.2,23174,600
B07JF9B592,Unknown,Unknown,478,699,0.32,3.8,20218,221
B086394NY5,Unknown,Unknown,1399,2490,0.44,4.3,11074,1091
B017PDR9N0,Stands,Unknown,149,499,0.7,4.1,25607,350
B07NC12T2R,BluetoothSpeakers,Unknown,1799,4990,0.64,4.2,41226,3191
B07WKBD37W,Unknown,Unknown,425,999,0.57,4,2581,574
B08JMC1988,OutdoorSpeakers,Unknown,999,2490,0.6,4.1,18331,1491
B09GFN8WZL,GraphicTablets,Unknown,378,999,0.62,4.1,1779,621
B095X38CJS,Copy&PrintingPaper,ColouredPaper,99,99,0,4.3,388,0
B07ZKD8T1Q,Unknown,Unknown,1499,2999,0.5,4.5,8656,1500
B07G3YNLJB,Unknown,Unknown,1815,3100,0.41,4.5,92925,1285
B00P93X2H6,Stationery,"Notebooks,WritingPads&Diaries",67,75,0.11,4.1,1269,8
B0798PJPCL,Lapdesks,Unknown,1889,2699,0.3,4.3,17394,810
B09GFWJDY1,In-Ear,Unknown,499,1499,0.67,3.6,9169,1000
B09MZ6WZ6V,Keyboard&MiceAccessories,MousePads,499,999,0.5,4.4,1030,500
B094QZLJQ6,Unknown,Unknown,5799,7999,0.28,4.5,50273,2200
B07L3NDN24,MultimediaSpeakerSystems,Unknown,499,799,0.38,3.9,6742,300
B08WD18LJZ,GraphicTablets,Unknown,249,600,0.59,4,1208,351
B09CMM3VGK,Cables,USBCables,179,499,0.64,4,1933,320
B06XDKWLJH,Unknown,Unknown,4449,5734,0.22,4.4,25006,1285
B01J1CFO5I,Gamepads,Unknown,299,550,0.46,4.6,33434,251
B07J2NGB69,Mice,Unknown,629,1390,0.55,4.4,6301,761
B00MUTWLW4,Keyboards,Unknown,2595,3295,0.21,4.4,22618,700
B017NC2IPM,Unknown,Unknown,1799,2911,0.38,4.3,20342,1112
B00N1U7JXM,Stationery,"Notebooks,WritingPads&Diaries",90,175,0.49,4.4,7429,85
B08HQL67D6,Lapdesks,Unknown,599,599,0,4,26423,0
B09RKFBCV7,Unknown,Unknown,1999,7999,0.75,4.2,31305,6000
B08KHM9VBJ,Unknown,Unknown,2099,3250,0.35,3.8,11213,1151
B01IOZUHRS,LaptopChargers&PowerSupplies,Unknown,179,499,0.64,4.1,10174,320
B00CEQEGPI,Keyboard&MouseSets,Unknown,1345,2295,0.41,4.2,17413,950
B08B6XWQ1C,Tripods&Monopods,TripodLegs,349,995,0.65,4.2,6676,646
B01DGVKBC6,Cables,EthernetCables,287,499,0.42,4.4,8076,212
B08JD36C6H,Unknown,Unknown,349,450,0.22,4.1,18656,101
B00E3DVQFS,Unknown,Unknown,879,1109,0.21,4.4,31599,230
B00BN5SNF0,Unknown,Unknown,250,250,0,3.9,13971,0
B09SGGRKV8,In-Ear,Unknown,199,499,0.6,3.6,2492,300
B09RZS1NQT,Cables,USBCables,199,999,0.8,4,575,800
B084BR3QX8,LaptopChargers&PowerSupplies,Unknown,149,999,0.85,3.5,2523,850
B09VC2D2WG,GraphicTablets,Unknown,469,1499,0.69,4.1,352,1030
B09163Q5CD,Unknown,Unknown,1187,1929,0.38,4.1,1662,742
B08K9PX15C,PCSpeakers,Unknown,849,1499,0.43,4,7352,650
B083RD1J99,Mice,Unknown,328,399,0.18,4.1,3441,71
B09Z7YGV3R,Lapdesks,Unknown,269,699,0.62,4,93,430
B00N3XLDW0,Batteries&Chargers,BatteryChargers,299,400,0.25,3.8,40895,101
B07Z53L5QL,"Bags,Cases&Sleeves",Cases,549,1499,0.63,4.3,11006,950
B00P93X0VO,Stationery,"Notebooks,WritingPads&Diaries",114,120,0.05,4.2,8938,6
B07SBGFDX9,Stationery,"Pens,Pencils&WritingSupplies",120,120,0,4.1,4308,0
B00NH11KIK,Cables,USBCables,209,695,0.7,4.5,107686,486
B07X2L5Z8C,Mice,Unknown,1490,2295,0.35,4.6,10652,805
B00VA7YYUO,DrawingMedia,Pencils,99,99,0,4.3,5036,0
B07L9FW9GF,Mice,Unknown,149,249,0.4,4,5057,100
B08D64C9FN,GamingMice,Unknown,575,2799,0.79,4.2,8537,2224
B00LOD70SC,Stationery,"Pens,Pencils&WritingSupplies",178,210,0.15,4.3,2450,32
B09X76VL5L,In-Ear,Unknown,1599,3490,0.54,3.7,676,1891
B091JF2TFD,In-Ear,Unknown,499,1299,0.62,3.9,1173,800
B07S7DCJKS,Keyboard&MiceAccessories,MousePads,199,499,0.6,4.3,9998,300
B09NC2TY11,Unknown,Unknown,2499,5999,0.58,4.1,5852,3500
B0BDS8MY8J,Unknown,Unknown,199,999,0.8,4.2,362,800
B09X7DY7Q4,MicroSD,Unknown,939,1800,0.48,4.5,205052,861
B09YV575RK,Unknown,Unknown,2499,9999,0.75,4,9090,7500
B08LW31NQ6,Mice,Unknown,1439,2890,0.5,4.5,4099,1451
B09ND94ZRG,In-Ear,Unknown,1099,5999,0.82,3.5,12966,4900
B00P93X6EK,Stationery,"Notebooks,WritingPads&Diaries",157,160,0.02,4.5,4428,3
B0994GP1CX,Keyboard&MiceAccessories,DustCovers,115,999,0.88,3.3,5692,884
B07H8W9PB6,GraphicTablets,Unknown,175,499,0.65,4.1,21,324
B09NNHFSSF,DomeCameras,Unknown,1999,4700,0.57,3.8,1880,2701
B08D9NDZ1Y,Unknown,Unknown,3999,4332.96,0.08,3.5,21762,333.96
B0085IATT6,Unknown,Unknown,899,1800,0.5,4.1,22375,901
B08WJ86PV2,Keyboard&MiceAccessories,MousePads,299,990,0.7,4.5,2453,691
B078HRR1XV,GraphicTablets,Unknown,3303,4699,0.3,4.4,13544,1396
B09P22HXH6,Webcams&VoIPEquipment,Webcams,1890,5490,0.66,4.1,10976,3600
B00LM4X3XE,Stationery,"Pens,Pencils&WritingSupplies",90,100,0.1,4.3,3061,10
B09YLFHFDW,In-Ear,Unknown,1599,2790,0.43,3.6,2272,1191
B07YWS9SP9,CoolingPads,Unknown,599,999,0.4,4,7601,400
B08WLY8V9S,Keyboard&MiceAccessories,MousePads,425,899,0.53,4.5,4219,474
B0873L7J6X,On-Ear,Unknown,1499,3999,0.63,4.2,42775,2500
B07YNHCW6N,"Bags,Cases&Sleeves",Cases,549,2499,0.78,4.3,5556,1950
B01MQ2A86A,Mice,Unknown,1295,1645,0.21,4.6,12375,350
B00KIE28X0,Paints,Unknown,310,310,0,4.5,5882,0
B0BHYJ8CVF,Keyboard&MouseSets,Unknown,1149,1499,0.23,4.1,10443,350
B0BCVJ3PVP,Lapdesks,Unknown,499,1299,0.62,4.5,434,800
B0B2931FCV,In-Ear,Unknown,999,4199,0.76,3.5,1913,3200
B09TMZ1MF8,Unknown,Unknown,1709,4000,0.57,4.4,3029,2291
B07VV37FT4,Stationery,"Pens,Pencils&WritingSupplies",250,250,0,4.2,2628,0
B07JB2Y4SR,DrawingMedia,Pens,90,100,0.1,4.4,10718,10
B08KRMK9LZ,StylusPens,Unknown,2025,5999,0.66,4.2,6233,3974
B08LT9BMPP,GamingMice,Unknown,1495,1995,0.25,4.5,10541,500
B0814ZY6FP,BluetoothSpeakers,Unknown,899,1199,0.25,3.8,10751,300
B09F3PDDRF,Cables,SATACables,349,999,0.65,3.9,817,650
B07X963JNS,Chargers,PowerBanks,900,2499,0.64,4,36384,1599
B09LD3116F,DomeCameras,Unknown,2490,3990,0.38,4.1,3606,1500
B08Y5QJTVK,Unknown,Unknown,116,200,0.42,4.4,357,84
B00LY1FN1K,Paints,Unknown,200,230,0.13,4.4,10170,30
B07DJ5KYDZ,LaptopChargers&PowerSupplies,Unknown,1249,2796,0.55,4.4,4598,1547
B009LJ2BXA,PCHeadsets,Unknown,649,999,0.35,3.5,7222,350
B09BVCVTBC,GamingKeyboards,Unknown,2649,3499,0.24,4.5,1271,850
B07SY4C3TD,InkjetInkCartridges,Unknown,596,723,0.18,4.4,3219,127
B094JB13XL,Unknown,Unknown,2499,5999,0.58,4.1,38879,3500
B08CRRQK6Z,SoundbarSpeakers,Unknown,4999,12499,0.6,4.2,4541,7500
B08MTLLSL8,In-Ear,Unknown,399,1290,0.69,4.2,76042,891
B08Y57TPDM,Unknown,Unknown,116,200,0.42,4.3,485,84
B09CYTJV3N,DomeCameras,Unknown,4499,5999,0.25,4.3,44696,1500
B07GLNJC25,Unknown,Unknown,330,499,0.34,3.7,8566,169
B08FY4FG5X,Over-Ear,Unknown,649,2499,0.74,3.9,13049,1850
B07TMCXRFV,ScreenProtectors,Unknown,1234,1599,0.23,4.5,16680,365
B01FSYQ2A4,On-Ear,Unknown,1399,2990,0.53,4.1,97174,1591
B00LZPQVMK,Stationery,"Pens,Pencils&WritingSupplies",272,320,0.15,4,3686,48
B08X77LM8C,Unknown,Unknown,99,999,0.9,3.8,594,900
B01EJ5MM5M,InkjetPrinters,Unknown,3498,3875,0.1,3.4,12185,377
B08J82K4GX,Unknown,Unknown,10099,19110,0.47,4.3,2623,9011
B07Z1Z77ZZ,Bags&Sleeves,LaptopSleeves&Slipcases,449,999,0.55,4.3,9701,550
B00DJ5N9VK,ColouringPens&Markers,Unknown,150,150,0,4.3,15867,0
B08FGNPQ9X,Unknown,Unknown,1199,2999,0.6,4.1,10725,1800
B07NTKGW45,Unknown,Unknown,397,899,0.56,4,3025,502
B08J4PL1Z3,Gamepads,Unknown,699,1490,0.53,4,5736,791
B07XJWTYM2,In-Ear,Unknown,1679,1999,0.16,4.1,72563,320
B09939XJX8,GraphicTablets,Unknown,354,1500,0.76,4,1026,1146
B09MDCZJXS,Headsets,Unknown,1199,5499,0.78,3.8,2043,4300
B08CTQP51L,ScreenProtectors,Unknown,379,1499,0.75,4.2,4149,1120
B0BG62HMDJ,Unknown,Unknown,499,775,0.36,4.3,74,276
B08GTYFC37,Unknown,Unknown,10389,32000,0.68,4.4,41398,21611
B08SBH499M,PCSpeakers,Unknown,649,1300,0.5,4.1,5195,651
B08FYB5HHK,PowerLANAdapters,Unknown,1199,1999,0.4,4.5,22420,800
B0B5GJRTHB,In-Ear,Unknown,889,1999,0.56,4.2,2284,1110
B09GBBJV72,Keyboard&MouseSets,Unknown,1409,2199,0.36,3.9,427,790
B07P434WJY,InkjetInkRefills&Kits,Unknown,549,1999,0.73,4.3,1367,1450
B07T9FV9YP,Headsets,Unknown,749,1799,0.58,4,13199,1050
B08WKFSN84,Cables,USBCables,379,1099,0.66,4.3,2806,720
B09TBCVJS3,Unknown,Unknown,5998,7999,0.25,4.2,30355,2001
B08TR61BVK,Bags&Sleeves,LaptopSleeves&Slipcases,299,1499,0.8,4.2,2868,1200
B0B2CPVXHX,ScreenProtectors,Unknown,379,1499,0.75,4.1,670,1120
B08XNL93PL,Stationery,"Notebooks,WritingPads&Diaries",1399,2999,0.53,4.3,3530,1600
B088GXTJM3,PhotoStudio&Lighting,PhotoBackgroundAccessories,699,1299,0.46,4.3,6183,600
B099S26HWG,Stationery,"Notebooks,WritingPads&Diaries",300,300,0,4.2,419,0
B08461VC1Z,Keyboard&MiceAccessories,MousePads,999,1995,0.5,4.5,7317,996
B00K32PEW4,Financial&Business,Unknown,535,535,0,4.4,4426,0
B09F9YQQ7B,SmartTelevisions,Unknown,13999,24999,0.44,4.2,45237,11000
B07LFWP97N,Bags&Sleeves,LaptopSleeves&Slipcases,269,1099,0.76,4.1,1092,830
B0746N6WML,Stationery,"Pens,Pencils&WritingSupplies",341,450,0.24,4.3,2493,109
B07W9KYT62,Unknown,Unknown,2499,3999,0.38,4.4,12679,1500
B08D9MNH4B,Unknown,Unknown,5899,7005,0.16,3.6,4199,1106
B078G6ZF5Z,Chargers,WallChargers,699,1199,0.42,4,14403,500
B09MKG4ZCM,Unknown,Unknown,1565,2999,0.48,4,11113,1434
B07RZZ1QSW,Tripods&Monopods,Tabletop&TravelTripods,326,799,0.59,4.4,10773,473
B07222HQKP,Unknown,Unknown,657,999,0.34,4.3,13944,342
B00NFD0ETQ,GamingMice,Unknown,1995,2895,0.31,4.6,10760,900
B075DB1F13,Unknown,Unknown,1500,1500,0,4.4,25996,0
B0148NPH9I,Keyboards,Unknown,2640,3195,0.17,4.5,16146,555
B01JOFKL0A,Unknown,Unknown,5299,6355,0.17,3.9,8280,1056
B079S811J3,Headsets,Unknown,1990,2999,0.34,4.3,14237,1009
B0083T231O,Unknown,Unknown,1289,1499,0.14,4.5,20668,210
B086PXQ2R4,Stationery,"Notebooks,WritingPads&Diaries",165,165,0,4.5,1674,0
B07L1N3TJX,LaptopChargers&PowerSupplies,Unknown,1699,3499,0.51,3.6,7689,1800
B07YFWVRCM,DomeCameras,Unknown,2299,7500,0.69,4.1,5554,5201
B08TDJ5BVF,Lamps,Unknown,39,39,0,3.8,3344,0
B09XXZXQC1,Unknown,Unknown,26999,37999,0.29,4.6,2886,11000
B083T5G5PM,In-Ear,Unknown,1490,1990,0.25,4.1,98250,500
B0BHVPTM2C,Lapdesks,Unknown,398,1949,0.8,4,75,1551
B01NBX5RSB,LaptopChargers&PowerSupplies,Unknown,770,1547,0.5,4.3,2585,777
B08MWJTST6,Stands,Unknown,279,1299,0.79,4,5072,1020
B07R99NBVB,Unknown,Unknown,249,599,0.58,4.5,5985,350
B00LY12TH6,Unknown,Unknown,230,230,0,4.5,9427,0
B08497Z1MQ,GamingMice,Unknown,599,700,0.14,4.3,2301,101
B07KNM95JK,TonerCartridges,Unknown,598,1150,0.48,4.1,2535,552
B09Q3M3WLJ,ScreenProtectors,Unknown,399,1499,0.73,4,691,1100
B09B9SPC7F,Lapdesks,Unknown,499,1299,0.62,4.1,2740,800
B099SD8PRP,Mice,Unknown,579,1090,0.47,4.4,3482,511
B00S2SEV7K,Stationery,"Pens,Pencils&WritingSupplies",90,100,0.1,4.1,6199,10
B08WKCTFF3,Lapdesks,Unknown,899,1999,0.55,4.4,1667,1100
B08498D67S,GamingKeyboards,Unknown,1149,1800,0.36,4.3,4723,651
B00C3GBCIS,Bags&Sleeves,LaptopSleeves&Slipcases,249,499,0.5,4.2,22860,250
B00URH5E34,Lamps,Unknown,39,39,0,3.6,13572,0
B00EYW1U68,Unknown,Unknown,1599,3599,0.56,4.2,16182,2000
B08SMJT55F,BluetoothSpeakers,Unknown,1199,3990,0.7,4.2,2908,2791
B08Y7MXFMK,Mice,Unknown,1099,1499,0.27,4.2,2375,400
B086Q3QMFS,Stationery,"Notebooks,WritingPads&Diaries",120,120,0,4.5,4951,0
B08498H13H,GamingKeyboards,Unknown,1519,3499,0.57,4.3,408,1980
B07LFQLKFZ,Stationery,"Pens,Pencils&WritingSupplies",420,420,0,4.2,1926,0
B00LY17RHI,Stationery,"Pens,Pencils&WritingSupplies",225,225,0,4.1,4798,0
B07W14CHV8,Caddies,Unknown,199,799,0.75,4.1,7333,600
B09F5Z694W,InkjetPrinters,Unknown,8349,9625,0.13,3.8,3652,1276
B0B25LQQPC,Unknown,Unknown,3307,6100,0.46,4.3,2515,2793
B01LYLJ99X,Unknown,Unknown,449,1300,0.65,4.2,4959,851
B014SZPBM4,Unknown,Unknown,380,400,0.05,4.4,2111,20
B08CZHGHKH,GraphicTablets,Unknown,499,1399,0.64,3.9,1462,900
B0B2RBP83P,Unknown,Unknown,37247,59890,0.38,4,323,22643
B078W65FJ7,On-Ear,Unknown,849,2490,0.66,4.2,91188,1641
B08S74GTBT,OutdoorSpeakers,Unknown,799,1999,0.6,3.7,418,1200
B07QMRHWJD,Lamps,Unknown,298,999,0.7,4.3,1552,701
B07W7Z6DVL,OutdoorSpeakers,Unknown,1499,2999,0.5,4.1,25262,1500
B07WMS7TWB,Kettles&HotWaterDispensers,ElectricKettles,649,1245,0.48,3.9,123365,596
B00H47GVGY,ElectricHeaters,Unknown,1199,1695,0.29,3.6,13300,496
B07VX71FZP,FanHeaters,Unknown,1199,2000,0.4,4,18543,801
B07NCKMXVZ,"Irons,Steamers&Accessories",LintShavers,455,999,0.54,4.1,3578,544
B0B61DSF17,DigitalKitchenScales,Unknown,199,1999,0.9,3.7,2031,1800
B07VQGVL68,DigitalKitchenScales,Unknown,293,499,0.41,3.9,44994,206
B01LWYDEQ7,ManualChoppers&Chippers,Choppers,199,495,0.6,4.1,270563,296
B07VNFP3C2,Kettles&HotWaterDispensers,ElectricKettles,749,1245,0.4,3.9,31783,496
B00LUGTJGO,ElectricHeaters,Unknown,1399,1549,0.1,3.9,2602,150
B01MQZ7J8K,Kettles&HotWaterDispensers,ElectricKettles,749,1445,0.48,3.9,63350,696
B01GFTEV5Y,InductionCooktop,Unknown,1699,3193,0.47,3.8,54032,1494
B00NW4UWN6,Kettles&HotWaterDispensers,ElectricKettles,1043,1345,0.22,3.8,15592,302
B01NCVJMKX,"Irons,Steamers&Accessories",LintShavers,499,999,0.5,4.1,4859,500
B00O24PUO6,FanHeaters,Unknown,1464,1650,0.11,4.1,14120,186
B07GXPDLYQ,HandBlenders,Unknown,249,499,0.5,3.3,8427,250
B01C8P29N0,"Irons,Steamers&Accessories",Irons,625,1400,0.55,4.2,23316,775
B08KDBLMQP,MixerGrinders,Unknown,1290,2500,0.48,4,6530,1210
B078JDNZJ8,InstantWaterHeaters,Unknown,3600,6190,0.42,4.3,11924,2590
B01M5F614J,Unknown,Unknown,6549,13999,0.53,4,2961,7450
B083GKDRKR,Kettles&HotWaterDispensers,ElectricKettles,1625,2995,0.46,4.5,23484,1370
B097R2V1W8,InstantWaterHeaters,Unknown,2599,5890,0.56,4.1,21783,3291
B07YR26BJ3,Kettles&HotWaterDispensers,Kettle&ToasterSets,1199,2000,0.4,4,14030,801
B097R45BH8,StorageWaterHeaters,Unknown,5499,13150,0.58,4.2,6398,7651
B09X5C9VLK,MixerGrinders,Unknown,1299,3500,0.63,3.8,44050,2201
B01C8P29T4,"Irons,Steamers&Accessories",Irons,599,785,0.24,4.2,24247,186
B00HVXS7WC,MixerGrinders,Unknown,1999,3210,0.38,4.2,41349,1211
B096YCN3SD,Kettles&HotWaterDispensers,Kettle&ToasterSets,549,1000,0.45,3.6,1074,451
B09LQH3SD9,ElectricHeaters,Unknown,999,2000,0.5,3.8,1163,1001
B09KNMLH4Y,"Irons,Steamers&Accessories",LintShavers,398,1999,0.8,4.1,257,1601
B00ABMASXG,ImmersionRods,Unknown,539,720,0.25,4.1,36017,181
B07QDSN9V6,Kettles&HotWaterDispensers,ElectricKettles,699,1595,0.56,4.1,8090,896
B00YMJ0OI8,InductionCooktop,Unknown,2148,3645,0.41,4.1,31388,1497
B0B8XNPQPN,DeepFatFryers,AirFryers,3599,7950,0.55,4.2,136,4351
B0814P4L98,LaundryBaskets,Unknown,351,999,0.65,4,5380,648
B008QTK47Q,"Irons,Steamers&Accessories",Irons,1614,1745,0.08,4.3,37974,131
B088ZTJT2R,ImmersionRods,Unknown,719,1295,0.44,4.2,17218,576
B0BK1K598K,"Irons,Steamers&Accessories",LintShavers,678,1499,0.55,4.2,900,821
B09Y5FZK9N,Kettles&HotWaterDispensers,Kettle&ToasterSets,809,1545,0.48,3.7,976,736
B09J2SCVQT,JuicerMixerGrinders,Unknown,1969,5000,0.61,4.1,4927,3031
B00TDD0YM4,"Irons,Steamers&Accessories",LintShavers,1490,1695,0.12,4.4,3543,205
B078KRFWQB,ElectricHeaters,Unknown,2499,3945,0.37,3.8,2732,1446
B07SRM58TP,Vacuums&FloorCare,Vacuums,1665,2099,0.21,4,14368,434
B00EDJJ7FS,InductionCooktop,Unknown,3229,5295,0.39,4.2,39724,2066
B0832W3B7Q,InductionCooktop,Unknown,1799,3595,0.5,3.8,9791,1796
B07WNK1FFN,Kettles&HotWaterDispensers,ElectricKettles,1260,1699,0.26,4.2,2891,439
B009P2LK08,ElectricHeaters,Unknown,749,1129,0.34,4,2446,380
B07DGD4Z4C,MixerGrinders,Unknown,3499,5795,0.4,3.9,25340,2296
B07GMFY9QM,EggBoilers,Unknown,379,999,0.62,4.3,3096,620
B0BGPN4GGH,ElectricHeaters,Unknown,1099,2400,0.54,3.8,4,1301
B0B2DZ5S6R,Kettles&HotWaterDispensers,Kettle&ToasterSets,749,1299,0.42,4,119,550
B07S851WX5,SandwichMakers,Unknown,1299,1299,0,4.2,40106,0
B01MY839VW,"Irons,Steamers&Accessories",Irons,549,1090,0.5,4.2,13029,541
B09LV1CMGH,FanHeaters,Unknown,899,2000,0.55,3.6,291,1101
B01EY310UM,"Irons,Steamers&Accessories",Irons,1321,1545,0.14,4.3,15453,224
B09NL7LBWT,"Irons,Steamers&Accessories",LintShavers,1099,1999,0.45,4,604,900
B008YW8M0G,"Irons,Steamers&Accessories",Irons,775,875,0.11,4.2,46647,100
B097R3XH9R,StorageWaterHeaters,Unknown,6299,15270,0.59,4.1,3233,8971
B08TM71L54,"Irons,Steamers&Accessories",Irons,3190,4195,0.24,4,1282,1005
B0BPBXNQQT,ElectricHeaters,Unknown,799,1989,0.6,4.3,70,1190
B00W56GLOQ,JuicerMixerGrinders,Unknown,2699,5000,0.46,4,26164,2301
B0883KDSXC,"Irons,Steamers&Accessories",Irons,599,990,0.39,3.9,16166,391
B078V8R9BS,Kettles&HotWaterDispensers,Kettle&ToasterSets,749,1111,0.33,4.2,35693,362
B08GSQXLJ2,StorageWaterHeaters,Unknown,6199,10400,0.4,4.1,14391,4201
B01M5B0TPW,MiniFoodProcessors&Choppers,Unknown,1819,2490,0.27,4.4,7946,671
B082KVTRW8,Kettles&HotWaterDispensers,Kettle&ToasterSets,1199,1900,0.37,4,1765,701
B08CFJBZRK,MixerGrinders,Unknown,3249,6295,0.48,3.8,14062,3046
B07H3WDC4X,EggBoilers,Unknown,349,999,0.65,4,15646,650
B09ZTZ9N3Q,FanHeaters,Unknown,1049,1699,0.38,3.1,111,650
B083P71WKK,DigitalKitchenScales,DigitalScales,799,1500,0.47,4.3,9695,701
B097R4D42G,StorageWaterHeaters,Unknown,4999,9650,0.48,4.2,1772,4651
B07MKMFKPG,MixerGrinders,Unknown,6999,10590,0.34,4.4,11499,3591
B0949FPSFY,DigitalKitchenScales,Unknown,799,1999,0.6,4.1,2162,1200
B08F47T4X5,VacuumSealers,Unknown,89,89,0,4.2,19621,0
B01M0505SJ,CeilingFans,Unknown,1400,2485,0.44,4.1,19998,1085
B08D6RCM3Q,LaundryBaskets,Unknown,355,899,0.61,4.1,1051,544
B009P2LITG,ElectricHeaters,Unknown,2169,3279,0.34,4.1,1716,1110
B00V9NHDI4,Vacuums&FloorCare,Vacuums,2799,3799,0.26,3.9,32931,1000
B07WGPBXY9,Kettles&HotWaterDispensers,ElectricKettles,899,1249,0.28,3.9,17424,350
B00KRCBA6E,Unknown,Unknown,2499,5000,0.5,3.8,1889,2501
B0B3X2BY3M,InstantWaterHeaters,Unknown,3599,7299,0.51,4,10324,3700
B00F159RIK,"Irons,Steamers&Accessories",Irons,499,625,0.2,4.2,5355,126
B08MV82R99,ImmersionRods,Unknown,653,1020,0.36,4.1,3366,367
B09VKWGZD7,"PressureWashers,Steam&WindowCleaners",Unknown,4789,8990,0.47,4.3,1017,4201
B009P2LK80,HalogenHeaters,Unknown,1409,1639,0.14,3.7,787,230
B00A7PLVU6,HandBlenders,Unknown,753,899,0.16,4.2,18462,146
B0B25DJ352,EggBoilers,Unknown,353,1199,0.71,4.3,629,846
B013B2WGT6,DigitalKitchenScales,Unknown,1099,1899,0.42,4.3,15276,800
B097RJ867P,DeepFatFryers,AirFryers,8799,11595,0.24,4.4,2981,2796
B091V8HK8Z,Kettles&HotWaterDispensers,ElectricKettles,1345,1750,0.23,3.8,2466,405
B071VNHMX2,Pop-upToasters,Unknown,2095,2095,0,4.5,7949,0
B08MVSGXMY,ElectricHeaters,Unknown,1498,2300,0.35,3.8,95,802
B00H0B29DI,HeatConvectors,Unknown,2199,2990,0.26,3.8,1558,791
B01GZSQJPA,MixerGrinders,Unknown,3699,4295,0.14,4.1,26543,596
B08VGFX2B6,LaundryBaskets,Unknown,177,199,0.11,4.1,3688,22
B09GYBZPHF,MixerGrinders,Unknown,1149,2499,0.54,3.8,4383,1350
B0B4KPCBSH,CoffeeGrinders,ElectricGrinders,244,499,0.51,3.3,478,255
B09CGLY5CX,ElectricHeaters,Unknown,1959,2400,0.18,4,237,441
B09JN37WBX,"Irons,Steamers&Accessories",LintShavers,319,749,0.57,4.6,124,430
B01I1LDZGA,Kettles&HotWaterDispensers,ElectricKettles,1499,1775,0.16,3.9,14667,276
B0BN2576GQ,"Irons,Steamers&Accessories",LintShavers,469,1599,0.71,3.7,6,1130
B06XPYRWV5,Pop-upToasters,Unknown,1099,1795,0.39,4.2,4244,696
B01N1XVVLC,FanHeaters,Unknown,9590,15999,0.4,4.1,1017,6409
B00O2R38C4,ExhaustFans,Unknown,999,1490,0.33,4.1,12999,491
B0B2CZTCL2,Kettles&HotWaterDispensers,Kettle&ToasterSets,1299,1999,0.35,3.8,311,700
B00PVT30YI,DripCoffeeMachines,Unknown,292,499,0.41,4.1,4238,207
B00SH18114,VacuumSealers,Unknown,160,299,0.46,4.6,2781,139
B00E9G8KOY,WaterPurifierAccessories,Unknown,600,600,0,4.1,10907,0
B00H3H03Q4,WaterCartridges,Unknown,1130,1130,0,4.2,13250,0
B0756K5DYZ,MixerGrinders,Unknown,3249,6295,0.48,3.9,43070,3046
B0188KPKB2,MixerGrinders,Unknown,3599,9455,0.62,4.1,11828,5856
B091KNVNS9,EggBoilers,Unknown,368,699,0.47,4.1,1240,331
B075JJ5NQC,MixerGrinders,Unknown,3199,4999,0.36,4,20869,1800
B0B5KZ3C53,Rice&PastaCookers,Unknown,1599,2900,0.45,3.7,441,1301
B09NTHQRW3,HandBlenders,Unknown,1999,2499,0.2,4.1,1034,500
B008YW3CYM,"Irons,Steamers&Accessories",Irons,616,1190,0.48,4.1,37126,574
B07QHHCB27,HandBlenders,Unknown,1499,2100,0.29,4.1,6355,601
B0BMFD94VD,VacuumSealers,Unknown,199,499,0.6,3.3,12,300
B00HZIOGXW,ImmersionRods,Unknown,610,825,0.26,4.1,13165,215
B09CKSYBLR,MiniFoodProcessors&Choppers,Unknown,999,1499,0.33,4.1,1646,500
B072J83V9W,Vacuums&FloorCare,Vacuums,8999,9995,0.1,4.4,17994,996
B09MTLG4TP,"Irons,Steamers&Accessories",LintShavers,453,999,0.55,4.3,610,546
B097XJQZ8H,MixerGrinders,Unknown,2464,6000,0.59,4.1,8866,3536
B00935MD1C,Rice&PastaCookers,Unknown,2719,3945,0.31,3.7,13406,1226
B0BR4F878Q,InstantWaterHeaters,Unknown,1439,1999,0.28,4.8,53803,560
B0B3G5XZN5,HandBlenders,Unknown,2799,3499,0.2,4.5,546,700
B07WKB69RS,InstantWaterHeaters,Unknown,2088,5550,0.62,4,5292,3462
B09DL9978Y,InstantWaterHeaters,Unknown,2399,4590,0.48,4.1,444,2191
B06XMZV7RH,DigitalKitchenScales,Unknown,308,499,0.38,3.9,4584,191
B09WMTJPG7,InstantWaterHeaters,Unknown,2599,4400,0.41,4.1,14947,1801
B09ZK6THRR,"Irons,Steamers&Accessories",Irons,479,1000,0.52,4.2,1559,521
B07MP21WJD,"Irons,Steamers&Accessories",LintShavers,245,299,0.18,4.1,1660,54
B09XB1R2F3,"Irons,Steamers&Accessories",LintShavers,179,799,0.78,3.5,132,620
B08Y5QJXSR,CeilingFans,Unknown,3569,5190,0.31,4.3,28629,1621
B07WJXCTG9,Kettles&HotWaterDispensers,ElectricKettles,699,1345,0.48,3.9,8446,646
B09NBZ36F7,InductionCooktop,Unknown,2089,4000,0.48,4.2,11199,1911
B0912WJ87V,AirPurifiers&Ionizers,Unknown,2339,4000,0.42,3.8,1118,1661
B0BMTZ4T1D,FanHeaters,Unknown,784,1599,0.51,4.5,11,815
B07Z51CGGH,Vacuums&FloorCare,Vacuums,5499,9999,0.45,3.8,4353,4500
B0BDG6QDYD,FanHeaters,Unknown,899,1990,0.55,4.1,185,1091
B00YQLG7GK,HandBlenders,Unknown,1695,1695,0,4.2,14290,0
B00SMJPA9C,"Irons,Steamers&Accessories",Irons,499,940,0.47,4.1,3036,441
B0B9RN5X8B,InstantWaterHeaters,Unknown,2699,4700,0.43,4.2,1296,2001
B08QW937WV,InstantWaterHeaters,Unknown,1448,2999,0.52,4.5,19,1551
B0B4PPD89B,VacuumSealers,Unknown,79,79,0,4,97,0
B08GM5S4CQ,StorageWaterHeaters,Unknown,6990,14290,0.51,4.4,1771,7300
B00NM6MO26,InductionCooktop,Unknown,2698,3945,0.32,4,15034,1247
B083M7WPZD,Vacuums&FloorCare,Vacuums,3199,5999,0.47,4,3242,2800
B07GLSKXS1,Kettles&HotWaterDispensers,Kettle&ToasterSets,1199,1950,0.39,3.9,2832,751
B09F6KL23R,MiniFoodProcessors&Choppers,Unknown,1414,2799,0.49,4,1498,1385
B094G9L9LT,Kettles&HotWaterDispensers,ElectricKettles,999,1950,0.49,3.8,305,951
B09FZ89DK6,Vacuums&FloorCare,Vacuums,5999,9999,0.4,4.2,1191,4000
B0811VCGL5,HEPAAirPurifiers,Unknown,9970,12999,0.23,4.3,4049,3029
B07FXLC2G2,WaterFilters&Purifiers,Unknown,698,699,0,4.2,3160,1
B01LYU3BZF,CeilingFans,Unknown,2199,3190,0.31,4.3,9650,991
B083RC4WFJ,LaundryBags,Unknown,320,799,0.6,4.2,3846,479
B09SFRNKSR,"Irons,Steamers&Accessories",LintShavers,298,499,0.4,4.4,290,201
B07NRTCDS5,JuicerMixerGrinders,Unknown,1199,1499,0.2,3.8,2206,300
B07SPVMSC6,CeilingFans,Unknown,1399,2660,0.47,4.1,9349,1261
B09H3BXWTK,DigitalKitchenScales,Unknown,599,2799,0.79,3.9,578,2200
B0073QGKAS,Pop-upToasters,Unknown,1499,1499,0,4.3,9331,0
B08GJ57MKL,HEPAAirPurifiers,Unknown,14400,59900,0.76,4.4,3837,45500
B009DA69W6,WaterFilters&Purifiers,Unknown,1699,1900,0.11,3.6,11456,201
B099PR2GQJ,ElectricHeaters,Unknown,649,999,0.35,3.8,49,350
B08G8H8DPL,MixerGrinders,Unknown,3249,6375,0.49,4,4978,3126
B08VGM3YMF,LaundryBaskets,Unknown,199,499,0.6,4.1,1996,300
B08TTRVWKY,EggBoilers,Unknown,1099,1899,0.42,4.3,1811,800
B07T4D9FNY,Kettles&HotWaterDispensers,ElectricKettles,664,1490,0.55,4,2198,826
B07RX42D3D,SandwichMakers,Unknown,260,350,0.26,3.9,13127,90
B08WRKSF9D,StorageWaterHeaters,Unknown,6499,8500,0.24,4.4,5865,2001
B09R83SFYV,Sewing&EmbroideryMachines,Unknown,1484,2499,0.41,3.7,1067,1015
B07989VV5K,"Irons,Steamers&Accessories",Irons,999,1560,0.36,3.6,4881,561
B07FL3WRX5,JuicerMixerGrinders,Unknown,3299,6500,0.49,3.7,11217,3201
B0BPCJM7TB,HandBlenders,Unknown,259,999,0.74,4,43,740
B08H673XKN,MixerGrinders,Unknown,3249,7795,0.58,4.2,4664,4546
B07DXRGWDJ,"Irons,Steamers&Accessories",Irons,4280,5995,0.29,3.8,2112,1715
B08243SKCK,IroningAccessories,SprayBottles,189,299,0.37,4.2,2737,110
B09SPTNG58,CeilingFans,Unknown,1449,2349,0.38,3.9,9019,900
B083J64CBB,LaundryBaskets,Unknown,199,499,0.6,4,10234,300
B08JV91JTK,HandMixers,Unknown,474,1299,0.64,4.1,550,825
B0BQ3K23Y1,HandBlenders,Unknown,279,499,0.44,4.8,28,220
B09MT94QLL,CeilingFans,Unknown,1999,4775,0.58,4.2,1353,2776
B07NKNBTT3,"Irons,Steamers&Accessories",LintShavers,799,1230,0.35,4.1,2138,431
B09KPXTZXN,MiniFoodProcessors&Choppers,Unknown,949,1999,0.53,4,1679,1050
B078HG2ZPS,Mills&Grinders,WetGrinders,3657.66,5156,0.29,3.9,12837,1498.34
B07N2MGB3G,OvenToasterGrills,Unknown,1699,1999,0.15,4.1,8873,300
B008LN8KDM,"Irons,Steamers&Accessories",Irons,1849,2095,0.12,4.3,7681,246
B08MZNT7GP,FanHeaters,Unknown,12499,19825,0.37,4.1,322,7326
B009P2L7CO,"Irons,Steamers&Accessories",Irons,1099,1920,0.43,4.2,9772,821
B07YC8JHMB,WaterFilters&Purifiers,Unknown,8199,16000,0.49,3.9,18497,7801
B0BNQMF152,JuicerMixerGrinders,Unknown,499,2199,0.77,3.7,53,1700
B08J7VCT12,Vacuums&FloorCare,Vacuums,6999,14999,0.53,4.1,1728,8000
B0989W6J2F,VacuumSealers,Unknown,1595,1799,0.11,4,2877,204
B0B84KSH3X,"Irons,Steamers&Accessories",Irons,1049,1950,0.46,3.8,250,901
B08HLC7Z3G,Kettles&HotWaterDispensers,Kettle&ToasterSets,1182,2995,0.61,4.2,5178,1813
B0BN6M3TCM,"Irons,Steamers&Accessories",LintShavers,499,999,0.5,4.6,79,500
B01L6MT7E0,HEPAAirPurifiers,Unknown,8799,11995,0.27,4.1,4157,3196
B0B9F9PT8R,ElectricHeaters,Unknown,1529,2999,0.49,3.3,29,1470
B0883LQJ6B,"Irons,Steamers&Accessories",Irons,1199,1690,0.29,4.2,4580,491
B099Z83VRC,EggBoilers,Unknown,1052,1790,0.41,4.3,1404,738
B00S9BSJC8,Juicers,Unknown,6499,8995,0.28,4.3,2810,2496
B0B4SJKRDF,DigitalKitchenScales,DigitalScales,239,239,0,4.3,7,0
B0BM4KTNL1,HandBlenders,Unknown,699,1599,0.56,4.7,1729,900
B08S6RKT4L,Unknown,Unknown,2599,4290,0.39,4.4,2116,1691
B09SZ5TWHW,Vacuums&FloorCare,Vacuums,1547,2890,0.46,3.9,463,1343
B0BLC2BYPX,HandBlenders,Unknown,499,1299,0.62,4.7,54,800
B00P0R95EA,ImmersionRods,Unknown,510,640,0.2,4.1,7229,130
B07W4HTS8Q,InstantWaterHeaters,Unknown,1899,3790,0.5,3.8,3842,1891
B078JBK4GX,InstantWaterHeaters,Unknown,2599,4560,0.43,4.4,646,1961
B08S7V8YTN,EggBoilers,Unknown,1199,3500,0.66,4.3,1802,2301
B07H5PBN54,InstantWaterHeaters,Unknown,999,2600,0.62,3.4,252,1601
B07YCBSCYB,InductionCooktop,Unknown,1999,3300,0.39,4.2,780,1301
B098T9CJVQ,HandBlenders,Unknown,210,699,0.7,3.7,74,489
B01KCSGBU2,HEPAAirPurifiers,Unknown,14499,23559,0.38,4.3,2026,9060
B095XCRDQW,LaundryBaskets,Unknown,950,1599,0.41,4.3,5911,649
B09CTWFV5W,DeepFatFryers,AirFryers,7199,9995,0.28,4.4,1964,2796
B0B7NWGXS6,ElectricHeaters,Unknown,2439,2545,0.04,4.1,25,106
B07DZ986Q2,"Irons,Steamers&Accessories",Irons,7799,8995,0.13,4,3160,1196
B07KKJPTWB,MiniFoodProcessors&Choppers,Unknown,1599,1999,0.2,4.4,1558,400
B071R3LHFM,MixerGrinders,Unknown,2899,5500,0.47,3.8,8958,2601
B086X18Q71,Sewing&EmbroideryMachines,Unknown,9799,12150,0.19,4.3,13251,2351
B07WVQG8WZ,"Irons,Steamers&Accessories",Irons,3299,4995,0.34,3.8,1393,1696
B0BFBNXS94,HandBlenders,Unknown,669,1499,0.55,2.3,13,830
B071113J7M,JuicerMixerGrinders,Unknown,5890,7506,0.22,4.5,7241,1616
B09YLWT89W,WaterFilters&Purifiers,Unknown,9199,18000,0.49,4,16020,8801
B0814LP6S9,LaundryBaskets,Unknown,351,1099,0.68,3.7,1470,748
B07BKSSDR2,WeighingScales,DigitalBathroomScales,899,1900,0.53,4,3663,1001
B09VGS66FV,Kettles&HotWaterDispensers,Kettle&ToasterSets,1349,1850,0.27,4.4,638,501
B07RCGTZ4M,Vacuums&FloorCare,Vacuums,6236,9999,0.38,4.1,3552,3763
B0747VDH9L,HandBlenders,Unknown,2742,3995,0.31,4.4,11148,1253
B08XLR6DSB,Sewing&EmbroideryMachines,Unknown,721,1499,0.52,3.1,2449,778
B08H6CZSHT,"Irons,Steamers&Accessories",Irons,2903,3295,0.12,4.3,2299,392
B07CVR2L5K,MiniFoodProcessors&Choppers,Unknown,1656,2695,0.39,4.4,6027,1039
B09J4YQYX3,EggBoilers,Unknown,1399,2290,0.39,4.4,461,891
B0B2DD8BQ8,SandwichMakers,Unknown,2079,3099,0.33,4.1,282,1020
B0123P3PWE,ImmersionRods,Unknown,999,1075,0.07,4.1,9275,76
B08HDCWDXD,Vacuums&FloorCare,Vacuums,3179,6999,0.55,4,743,3820
B0836JGZ74,InstantWaterHeaters,Unknown,1049,2499,0.58,3.6,328,1450
B0BCKJJN8R,InstantWaterHeaters,Unknown,3599,7290,0.51,3.9,942,3691
B008P7IF02,EspressoMachines,Unknown,4799,5795,0.17,3.9,3815,996
B08CNLYKW5,MixerGrinders,Unknown,1699,3398,0.5,3.8,7988,1699
B08C7TYHPB,Kettles&HotWaterDispensers,Kettle&ToasterSets,664,1490,0.55,4.1,925,826
B08VJFYH6N,TableFans,Unknown,948,1620,0.41,4.1,4370,672
B08235JZFB,"Irons,Steamers&Accessories",Irons,850,1000,0.15,4.1,7619,150
B078XFKBZL,WaterCartridges,Unknown,600,640,0.06,3.8,2593,40
B01M265AAK,ElectricHeaters,Unknown,3711,4495,0.17,4.3,356,784
B0B694PXQJ,DigitalKitchenScales,Unknown,799,2999,0.73,4.5,63,2200
B00B3VFJY2,WaterPurifierAccessories,Unknown,980,980,0,4.2,4740,0
B08W9BK4MD,LaundryBaskets,Unknown,351,899,0.61,3.9,296,548
B09X5HD5T1,MilkFrothers,Unknown,229,499,0.54,3.5,185,270
B08H6B3G96,"Irons,Steamers&Accessories",Irons,3349,3995,0.16,4.3,1954,646
B09N3BFP4M,StorageWaterHeaters,Unknown,5499,11500,0.52,3.9,959,6001
B09DSQXCM8,"Irons,Steamers&Accessories",LintShavers,299,499,0.4,3.9,1015,200
B01M69WCZ6,Unknown,Unknown,2249,3550,0.37,4,3973,1301
B0BM9H2NY9,EggBoilers,Unknown,699,1599,0.56,4.7,2300,900
B099FDW2ZF,ElectricHeaters,Unknown,1235,1499,0.18,4.1,203,264
B0B935YNR7,MiniFoodProcessors&Choppers,Unknown,1349,2999,0.55,3.8,441,1650
B07JGCGNDG,StorageWaterHeaters,Unknown,6800,11500,0.41,4.1,10308,4700
B07GWTWFS2,SandwichMakers,Unknown,1699,1975,0.14,4.1,4716,276
B09KRHXTLN,FanHeaters,Unknown,1069,1699,0.37,3.9,313,630
B09H34V36W,FanHeaters,Unknown,1349,2495,0.46,3.8,166,1146
B09J2QCKKM,ImmersionRods,Unknown,1499,3500,0.57,4.1,303,2001
B09XRBJ94N,SandwichMakers,Unknown,2092,4600,0.55,4.3,562,2508
B07SLNG3LW,Vacuums&FloorCare,Vacuums,3859,10295,0.63,3.9,8095,6436
B0BNDGL26T,JuicerMixerGrinders,Unknown,499,2199,0.77,2.8,109,1700
B095PWLLY6,CeilingFans,Unknown,1804,2380,0.24,4,15382,576
B07Y9PY6Y1,JuicerMixerGrinders,Unknown,6525,8820,0.26,4.5,5137,2295
B0BJ966M5K,WaterFilters&Purifiers,Unknown,4999,24999,0.8,4.6,124,20000
B086GVRP63,DripCoffeeMachines,Unknown,1189,2400,0.5,4.1,618,1211
B08MVXPTDG,FanHeaters,Unknown,2590,4200,0.38,4.1,63,1610
B0BMZ6SY89,FanHeaters,Unknown,899,1599,0.44,3.4,15,700
B09P1MFKG1,FanHeaters,Unknown,998,2999,0.67,4.6,9,2001
B01LY9W8AF,LaundryBaskets,Unknown,998.06,1282,0.22,4.2,7274,283.94
B07ZJND9B9,CeilingFans,Unknown,1099,1990,0.45,3.9,5911,891
B0B2CWRDB1,"PressureWashers,Steam&WindowCleaners",Unknown,5999,9999,0.4,4.2,170,4000
B072NCN9M4,Vacuums&FloorCare,Vacuums,8886,11850,0.25,4.2,3065,2964
B08SKZ2RMG,"Irons,Steamers&Accessories",LintShavers,475,999,0.52,4.1,1021,524
B0B53DS4TF,DeepFatFryers,AirFryers,4995,20049,0.75,4.8,3964,15054
B08BJN4MP3,WaterFilters&Purifiers,Unknown,13999,24850,0.44,4.4,8948,10851
B0BCYQY9X5,WaterFilters&Purifiers,Unknown,8499,16490,0.48,4.3,97,7991
B009UORDX4,"Irons,Steamers&Accessories",Irons,949,975,0.03,4.3,7223,26
B08VGDBF3B,LaundryBaskets,Unknown,395,499,0.21,4,330,104
B012ELCYUG,SmallApplianceParts&Accessories,StandMixerAccessories,635,635,0,4.3,4570,0
B07S9M8YTY,"Irons,Steamers&Accessories",Irons,717,1390,0.48,4,4867,673
B0B19VJXQZ,Vacuums&FloorCare,Vacuums,27900,59900,0.53,4.4,5298,32000
B00SMFPJG0,WaterCartridges,Unknown,649,670,0.03,4.1,7786,21
B0BHYLCL19,WaterPurifierAccessories,Unknown,193,399,0.52,3.6,37,206
B0BPJBTB3F,FanHeaters,Unknown,1299,2495,0.48,2,2,1196
B08MXJYB2V,MixerGrinders,Unknown,2449,3390,0.28,4,5206,941
B081B1JL35,InstantWaterHeaters,Unknown,1049,2499,0.58,3.7,638,1450
B09VL9KFDB,TableFans,Unknown,2399,4200,0.43,3.8,397,1801
B0B1MDZV9C,Vacuums&FloorCare,Vacuums,2286,4495,0.49,3.9,326,2209
B08TT63N58,Juicers,Unknown,499,2199,0.77,3.1,3527,1700
B08YK7BBD2,VacuumSealers,Unknown,429,999,0.57,3,617,570
B07YQ5SN4H,SandwichMakers,Unknown,299,595,0.5,4,314,296
B0B7FJNSZR,WaterFilters&Purifiers,Unknown,5395,19990,0.73,4.4,535,14595
B01N6IJG0F,"Irons,Steamers&Accessories",Irons,559,1010,0.45,4.1,17325,451
B0B84QN4CN,"Irons,Steamers&Accessories",Irons,660,1100,0.4,3.6,91,440
B0B8ZM9RVV,EggBoilers,Unknown,419,999,0.58,4.4,227,580
B01892MIPA,StorageWaterHeaters,Unknown,7349,10900,0.33,4.2,11957,3551
B08ZHYNTM1,CeilingFans,Unknown,2899,4005,0.28,4.3,7140,1106
B09SDDQQKP,Vacuums&FloorCare,Vacuums,1799,3295,0.45,3.8,687,1496
B0B5RP43VN,SandwichMakers,Unknown,1474,4650,0.68,4.1,1045,3176
B096NTB9XT,WaterFilters&Purifiers,Unknown,15999,24500,0.35,4,11206,8501
B078JF6X9B,InstantWaterHeaters,Unknown,3645,6070,0.4,4.2,561,2425
B08CGW4GYR,HandBlenders,Unknown,375,999,0.62,3.6,1988,624
B00A328ENA,Rice&PastaCookers,Unknown,2976,3945,0.25,4.2,3740,969
B0763K5HLQ,MilkFrothers,Unknown,1099,1499,0.27,4.1,4401,400
B09PDZNSBG,"Irons,Steamers&Accessories",Irons,2575,6700,0.62,4.2,611,4125
B085LPT5F4,MixerGrinders,Unknown,1649,2800,0.41,3.9,2162,1151
B0B9RZ4G4W,HandBlenders,Unknown,799,1699,0.53,4,97,900
B0085W2MUQ,HandBlenders,Unknown,765,970,0.21,4.2,6055,205
B09474JWN6,"Irons,Steamers&Accessories",LintShavers,999,1500,0.33,4.2,386,501
B09G2VTHQM,YogurtMakers,Unknown,587,1295,0.55,4.1,557,708
B07R679HTT,Juicers,ColdPressJuicers,12609,23999,0.47,4.4,2288,11390
B00B7GKXMG,"Irons,Steamers&Accessories",Irons,699,850,0.18,4.1,1106,151
B07H3N8RJH,Vacuums&FloorCare,Vacuums,3799,6000,0.37,4.2,11935,2201
B07K2HVKLL,ImmersionRods,Unknown,640,1020,0.37,4.1,5059,380
B09MQ9PDHR,FanHeaters,Unknown,979,1999,0.51,3.9,157,1020
B014HDJ7ZE,InstantWaterHeaters,Unknown,5365,7445,0.28,3.9,3584,2080
B07D2NMTTV,"Irons,Steamers&Accessories",Irons,3199,3500,0.09,4.2,1899,301
B075K76YW1,HandMixers,Unknown,979,1395,0.3,4.2,15252,416
B0BNLFQDG2,ElectricHeaters,Unknown,929,2199,0.58,3.7,4,1270
B082ZQ4479,Mills&Grinders,WetGrinders,3710,4330,0.14,3.7,1662,620
B09Y358DZQ,MixerGrinders,Unknown,2033,4295,0.53,3.4,422,2262
B09M3F4HGB,ElectricHeaters,Unknown,9495,18990,0.5,4.2,79,9495
B07VZH6ZBB,StorageWaterHeaters,Unknown,7799,12500,0.38,4,5160,4701
B07F366Z51,Kettles&HotWaterDispensers,ElectricKettles,949,2385,0.6,4.1,2311,1436
B077BTLQ67,InstantWaterHeaters,Unknown,2790,4890,0.43,3.9,588,2100
B07YSJ7FF1,"Irons,Steamers&Accessories",Irons,645,1100,0.41,4,3271,455
B07TXCY3YK,MixerGrinders,Unknown,2237.81,3899,0.43,3.9,11004,1661.19
B07TC9F7PN,StorageWaterHeaters,Unknown,8699,16899,0.49,4.2,3195,8200
B09NS5TKPN,Split-SystemAirConditioners,Unknown,42990,75990,0.43,4.3,3231,33000
B00LP9RFSU,WaterPurifierAccessories,Unknown,825,825,0,4,3246,0
B0B7L86YCB,VacuumSealers,Unknown,161,300,0.46,2.6,24,139
B09VPH38JS,InductionCooktop,Unknown,697,1499,0.54,3.8,144,802
B01MUAUOCX,SmallApplianceParts&Accessories,Unknown,688,747,0.08,4.5,2280,59
B09MB3DKG1,HalogenHeaters,Unknown,2199,3999,0.45,3.5,340,1800
B08QHLXWV3,FanHeaters,Unknown,6850,11990,0.43,3.9,144,5140
B07G147SZD,InstantWaterHeaters,Unknown,2699,3799,0.29,4,727,1100
B09LH32678,WaffleMakers&Irons,Unknown,899,1999,0.55,4,832,1100
B09R1YFL6S,FanHeaters,Unknown,1090,2999,0.64,3.5,57,1909
B07Q4NJQC5,DigitalKitchenScales,Unknown,295,599,0.51,4,1644,304
B097RN7BBK,Kettles&HotWaterDispensers,Kettle&ToasterSets,479,1999,0.76,3.4,1066,1520
B097MKZHNV,InstantWaterHeaters,Unknown,2949,4849,0.39,4.2,7968,1900
B07LG96SDB,ImmersionRods,Unknown,335,510,0.34,3.8,3195,175
B08KS2KQTK,DripCoffeeMachines,Unknown,293,499,0.41,4.1,1456,206
B095K14P86,StovetopEspressoPots,Unknown,599,1299,0.54,4.2,590,700
B08K36NZSV,WaterPurifierAccessories,Unknown,499,999,0.5,4.3,1436,500
B07LDPLSZC,"Irons,Steamers&Accessories",Irons,849,1190,0.29,4.2,4184,341
B07F1T31ZZ,DripCoffeeMachines,Unknown,249,400,0.38,4.1,693,151
B0BNDRK886,WaterPurifierAccessories,Unknown,185,599,0.69,3.9,1306,414
B09ZVJXN5L,FanHeaters,Unknown,778,999,0.22,3.3,8,221
B08JKPVDKL,CoffeeMakerAccessories,MeasuringSpoons,279,699,0.6,4.3,2326,420
B09JFR8H3Q,WaterPurifierAccessories,Unknown,215,1499,0.86,3.9,1004,1284
B07LDN9Q2P,"Irons,Steamers&Accessories",Irons,889,1295,0.31,4.3,6400,406
B08T8KWNQ9,InstantWaterHeaters,Unknown,1449,4999,0.71,3.6,63,3550
B07Y1RCCW5,InstantWaterHeaters,Unknown,1190,2550,0.53,3.8,1181,1360
B0762HXMTF,WaterFilters&Purifiers,Unknown,1799,1950,0.08,3.9,1888,151
B00K57MR22,MixerGrinders,Unknown,6120,8478,0.28,4.6,6550,2358
B07TTSS5MP,MixerGrinders,Unknown,1799,3299,0.45,3.8,1846,1500
B09ZDVL7L8,MixerGrinders,Unknown,2199,3895,0.44,3.9,1085,1696
B09XHXXCFH,Rice&PastaCookers,Unknown,3685,5495,0.33,4.1,290,1810
B0BL3R4RGS,JuicerMixerGrinders,Unknown,649,999,0.35,3.6,4,350
B07P1BR7L8,OvenToasterGrills,Unknown,8599,8995,0.04,4.4,9734,396
B078WB1VWJ,"Irons,Steamers&Accessories",Irons,1110,1599,0.31,4.3,4022,489
B0BP89YBC1,InstantWaterHeaters,Unknown,1499,3500,0.57,4.7,2591,2001
B09W9V2PXG,DigitalKitchenScales,Unknown,759,1999,0.62,4.3,532,1240
B09XTQFFCG,Vacuums&FloorCare,Vacuums,2669,3199,0.17,3.9,260,530
B08LVVTGZK,SandwichMakers,Unknown,929,1300,0.29,3.9,1672,371
B07J2BQZD6,LaundryBaskets,Unknown,199,399,0.5,3.7,7945,200
B07HK53XM4,"Irons,Steamers&Accessories",LintShavers,279,599,0.53,3.5,1367,320
B08RDWBYCQ,HandBlenders,Unknown,549,999,0.45,4,1313,450
B09FHHTL8L,IroningAccessories,SprayBottles,85,199,0.57,4.1,212,114
B0BHNHMR3H,JuicerMixerGrinders,Unknown,499,1299,0.62,3.9,65,800
B07D8VBYB4,JuicerMixerGrinders,Unknown,5865,7776,0.25,4.4,2737,1911
B0B3TBY2YX,Kettles&HotWaterDispensers,ElectricKettles,1260,2299,0.45,4.3,55,1039
B088WCFPQF,CoffeePresses,Unknown,1099,1500,0.27,4.5,1065,401
B07JZSG42Y,SandwichMakers,Unknown,1928,2590,0.26,4,2377,662
B08YRMBK9R,StorageWaterHeaters,Unknown,3249,6299,0.48,3.9,2569,3050
B00935MGHS,SandwichMakers,Unknown,1199,1795,0.33,4.2,5967,596
B07B5XJ572,Kettles&HotWaterDispensers,ElectricKettles,1456,3190,0.54,4.1,1776,1734
B086199CWG,JuicerMixerGrinders,Unknown,3349,4799,0.3,3.7,4200,1450
B0BBWJFK5C,"PressureWashers,Steam&WindowCleaners",Unknown,4899,8999,0.46,4.1,297,4100
B07GLS2563,Kettles&HotWaterDispensers,Kettle&ToasterSets,1199,1899,0.37,4.2,3858,700
B09P182Z2H,Unknown,Unknown,3290,5799,0.43,4.3,168,2509
B0B59K1C8F,"Irons,Steamers&Accessories",LintShavers,179,799,0.78,3.6,101,620
B06Y36JKC3,CoffeeMakerAccessories,MeasuringSpoons,149,300,0.5,4.1,4074,151
B075S9FVRY,MixerGrinders,Unknown,5490,7200,0.24,4.5,1408,1710
B08SJVD8QD,DigitalKitchenScales,Unknown,379,389,0.03,4.2,3739,10
B07FJNNZCJ,WaterFilters&Purifiers,Unknown,8699,13049,0.33,4.3,5891,4350
B09MFR93KS,MixerGrinders,Unknown,3041.67,5999,0.49,4,777,2957.33
B07Y5FDPKV,HandBlenders,Unknown,1745,2400,0.27,4.2,14160,655
B0756KCV5K,InductionCooktop,Unknown,3180,5295,0.4,4.2,6919,2115
B0BJ6P3LSK,WaterFilters&Purifiers,Unknown,4999,24999,0.8,4.5,287,20000
B09HS1NDRQ,LaundryBaskets,Unknown,390,799,0.51,3.8,287,409
B018SJJ0GE,RotiMakers,Unknown,1999,2999,0.33,4.4,388,1000
B09FPP3R1D,EggBoilers,Unknown,1624,2495,0.35,4.1,827,871
B01F7B2JCI,CoffeeMakerAccessories,MeasuringSpoons,184,450,0.59,4.2,4971,266
B09NNZ1GF7,"Irons,Steamers&Accessories",LintShavers,445,999,0.55,4.3,229,554
B01CS4A5V4,FanParts&Accessories,Unknown,699,1690,0.59,4.1,3524,991
B0BL11S5QK,InductionCooktop,Unknown,1601,3890,0.59,4.2,156,2289
B09BL2KHQW,WaterPurifierAccessories,Unknown,231,260,0.11,4.1,490,29
B081RLM75M,"Irons,Steamers&Accessories",LintShavers,369,599,0.38,3.9,82,230
B07SYYVP69,Kettles&HotWaterDispensers,ElectricKettles,809,1950,0.59,3.9,710,1141
B0BDZWMGZ1,MixerGrinders,Unknown,1199,2990,0.6,3.8,133,1791
B078JT7LTD,MixerGrinders,Unknown,6120,8073,0.24,4.6,2751,1953
B09WF4Q7B3,"Irons,Steamers&Accessories",Irons,1799,2599,0.31,3.6,771,800
B092R48XXB,Vacuums&FloorCare,Vacuums,18999,29999,0.37,4.1,2536,11000
B00KIDSU8S,ExhaustFans,Unknown,1999,2360,0.15,4.2,7801,361
B0977CGNJJ,StandMixers,Unknown,5999,11495,0.48,4.3,534,5496
B08WWKM5HQ,CeilingFans,Unknown,2599,4780,0.46,3.9,898,2181
B015GX9Y0W,WaffleMakers&Irons,Unknown,1199,2400,0.5,3.9,1202,1201
B089BDBDGM,LaundryBaskets,Unknown,219,249,0.12,4,1108,30
B0BPBG712X,FanHeaters,Unknown,799,1199,0.33,4.4,17,400
B00JBNZPFM,Vacuums&FloorCare,Vacuums,6199,10999,0.44,4.2,10429,4800
B08N6P8G5K,DeepFatFryers,AirFryers,6790,10995,0.38,4.5,3192,4205
B07NPBG1B4,PedestalFans,Unknown,1982.84,3300,0.4,4.1,5873,1317.16
B01MRARGBW,WaterPurifierAccessories,Unknown,199,400,0.5,4.1,1379,201
B07VZYMQNZ,Kettles&HotWaterDispensers,ElectricKettles,1180,1440,0.18,4.2,1527,260
B01L7C4IU2,CeilingFans,Unknown,2199,3045,0.28,4.2,2686,846
B09H7JDJCW,DripCoffeeMachines,Unknown,2999,3595,0.17,4,178,596
B07F6GXNPB,Vacuums&FloorCare,VacuumAccessories,253,500,0.49,4.3,2664,247
B0B97D658R,Unknown,Unknown,499,799,0.38,3.6,212,300
B09NFSHCWN,ElectricHeaters,Unknown,1149,1899,0.39,3.5,24,750
B076VQS87V,"Irons,Steamers&Accessories",Irons,457,799,0.43,4.3,1868,342
B09LMMFW3S,MilkFrothers,Unknown,229,399,0.43,3.6,451,170
B0BBLHTRM9,WaterPurifierAccessories,Unknown,199,699,0.72,2.9,159,500
B0BJYSCWFQ,WaffleMakers&Irons,Unknown,899,1999,0.55,4.2,39,1100
B0187F2IOK,HandMixers,Unknown,1499,2199,0.32,4.4,6531,700
B0B8CB7MHW,HandBlenders,Unknown,426,999,0.57,4.1,222,573
B07K19NYZ8,FanHeaters,Unknown,2320,3290,0.29,3.8,195,970
B08ZXZ362Z,Sewing&EmbroideryMachines,Unknown,1563,3098,0.5,3.5,2283,1535
B00GHL8VP2,ElectricHeaters,Unknown,3487.77,4990,0.3,4.1,1127,1502.23
B0B9JZW1SQ,MiniFoodProcessors&Choppers,Unknown,498,1200,0.59,3.2,113,702
B00TI8E7BI,Kettles&HotWaterDispensers,ElectricKettles,2695,2695,0,4.4,2518,0
B07J9KXQCC,ElectricHeaters,Unknown,949,2299,0.59,3.6,550,1350
B0B3JSWG81,"Irons,Steamers&Accessories",LintShavers,199,999,0.8,3.1,2,800
B08L7J3T31,WaterPurifierAccessories,Unknown,379,919,0.59,4,1090,540
B01M6453MB,Rice&PastaCookers,Unknown,2280,3045,0.25,4.1,4118,765
B009P2LIL4,HeatConvectors,Unknown,2219,3080,0.28,3.6,468,861
B00J5DYCCA,ExhaustFans,Unknown,1399,1890,0.26,4,8031,491
B01486F4G6,SandwichMakers,Unknown,2863,3690,0.22,4.3,6987,827
